,title,body,date,news
0,[단독]유료사이트서 답 구해 '복붙'..부정행위 얼룩진 대학가 중...,있다. 6일 교육계에 따르면 최근 비대면으로 치러진 연세대 공과대학의 2학기 중간고사에서 부정행위로 의심되는 행위가 적발돼 학생들 사이에서 논란이 일고 있다. 이 학교..., 2020.11.06 , 서울경제 
1,"'전참시' 구혜선, 중간고사→셀프 헤어컷..싱글 라이프 공개","[동아닷컴] ‘전참시’ 구혜선, 중간고사→셀프 헤어컷…싱글 라이프 공개 '전지적 참견 시점'에 구혜선이 뜬다. 7일 방송되는 MBC '전지적 참견 시점'(기획 박정규 / 연출...", 2020.11.05 , 스포츠동아 
2,고려대 대면 중간고사 본 학생 확진..건물 3개 폐쇄,© 뉴스1 (고려대학교 홈페이지) (서울=뉴스1) 서혜림 기자 = 고려대학교에서 중간고사를 보던 학부생이 신종 코로나바이러스 감염증(코로나19)에 확진돼 고려대 문과대학..., 2020.11.05 , 뉴스1 
3,사립고 중간고사 시험문제 베껴 출제 물의..재시험 검토,사진은 기사 내용과 관련 없음. (사진=스마트이미지 제공) 지역의 한 사립고에서 중간고사 시험 문제를 시중 문제집에서 그대로 베껴 출제해 물의를 빚고 있다. 5일 대구시..., 2020.11.05 , 노컷뉴스 
4,고려대서 중간고사 본 학생 코로나 확진.. 건물 3개 폐쇄,"고려대학교에서 중간고사를 보던 학부생이 코로나 확진 판정을 받았다. 고려대는 생명과학관 동관과 문과대학 서관, 우당교양관 등 건물 3곳을 폐쇄하고 방역 조치에 돌입...", 2020.11.05 , 조선비즈 
5,"'전참시' 구혜선, 중간고사→미술 작업..'구방미인' 라이프","작업실 라이프가 공개된다. 최근 녹화에서 구혜선은 자신만의 작업실에서 대학원 중간고사 과제부터 작곡, 미술 등 작업 활동을 벌였다. 하지만 온라인 강의를 듣던 중...", 2020.11.05 , 스타뉴스 
6,"구혜선, 중간고사→작품활동..필터링 제로 일상오픈","시선을 TV 앞으로 끌어당길 예정. 이날 구혜선은 자신만의 작업실에서 대학원 중간고사 과제부터 작곡, 미술 등 작업 활동에 한창이다. 하지만 온라인 강의를 듣던 중...", 2020.11.05 , 스타투데이 
7,"'전참시' 구혜선, 중간고사→작품활동..반전 일상 공개","이목을 집중시킬 것으로 기대된다. 이날 구혜선은 자신만의 작업실에서 대학원 중간고사 과제부터 작곡, 미술 등 작업 활동에 매진했다. 하지만 온라인 강의를 듣던 중...", 2020.11.05 , MBC연예 
8,"'전참시' 구혜선, 비밀 작업실 공개..중간고사→작품활동 '몰입'","TV 앞으로 끌어당길 예정입니다. 이날 구혜선은 자신만의 작업실에서 대학원 중간고사 과제부터 작곡, 미술 등 작업 활동에 한창입니다. 하지만 온라인 강의를 듣던 중...", 2020.11.05 , MBN 
9,'전참시' 구혜선이 뜬다..중간고사→작품활동까지 [M+TV컷],"시선을 TV 앞으로 끌어당길 예정. 이날 구혜선은 자신만의 작업실에서 대학원 중간고사 과제부터 작곡, 미술 등 작업 활동에 한창이다. 하지만 온라인 강의를 듣던 중...", 2020.11.05 , MBN 
10,[단독]유료사이트서 답 구해 '복붙'..부정행위 얼룩진 대학가 중...,있다. 6일 교육계에 따르면 최근 비대면으로 치러진 연세대 공과대학의 2학기 중간고사에서 부정행위로 의심되는 행위가 적발돼 학생들 사이에서 논란이 일고 있다. 이 학교..., 2020.11.06 , 서울경제 
11,"'전참시' 구혜선, 중간고사→셀프 헤어컷..싱글 라이프 공개","[동아닷컴] ‘전참시’ 구혜선, 중간고사→셀프 헤어컷…싱글 라이프 공개 '전지적 참견 시점'에 구혜선이 뜬다. 7일 방송되는 MBC '전지적 참견 시점'(기획 박정규 / 연출...", 2020.11.05 , 스포츠동아 
12,고려대 대면 중간고사 본 학생 확진..건물 3개 폐쇄,© 뉴스1 (고려대학교 홈페이지) (서울=뉴스1) 서혜림 기자 = 고려대학교에서 중간고사를 보던 학부생이 신종 코로나바이러스 감염증(코로나19)에 확진돼 고려대 문과대학..., 2020.11.05 , 뉴스1 
13,사립고 중간고사 시험문제 베껴 출제 물의..재시험 검토,사진은 기사 내용과 관련 없음. (사진=스마트이미지 제공) 지역의 한 사립고에서 중간고사 시험 문제를 시중 문제집에서 그대로 베껴 출제해 물의를 빚고 있다. 5일 대구시..., 2020.11.05 , 노컷뉴스 
14,고려대서 중간고사 본 학생 코로나 확진.. 건물 3개 폐쇄,"고려대학교에서 중간고사를 보던 학부생이 코로나 확진 판정을 받았다. 고려대는 생명과학관 동관과 문과대학 서관, 우당교양관 등 건물 3곳을 폐쇄하고 방역 조치에 돌입...", 2020.11.05 , 조선비즈 
15,"'전참시' 구혜선, 중간고사→미술 작업..'구방미인' 라이프","작업실 라이프가 공개된다. 최근 녹화에서 구혜선은 자신만의 작업실에서 대학원 중간고사 과제부터 작곡, 미술 등 작업 활동을 벌였다. 하지만 온라인 강의를 듣던 중...", 2020.11.05 , 스타뉴스 
16,"구혜선, 중간고사→작품활동..필터링 제로 일상오픈","시선을 TV 앞으로 끌어당길 예정. 이날 구혜선은 자신만의 작업실에서 대학원 중간고사 과제부터 작곡, 미술 등 작업 활동에 한창이다. 하지만 온라인 강의를 듣던 중...", 2020.11.05 , 스타투데이 
17,"'전참시' 구혜선, 중간고사→작품활동..반전 일상 공개","이목을 집중시킬 것으로 기대된다. 이날 구혜선은 자신만의 작업실에서 대학원 중간고사 과제부터 작곡, 미술 등 작업 활동에 매진했다. 하지만 온라인 강의를 듣던 중...", 2020.11.05 , MBC연예 
18,"'전참시' 구혜선, 비밀 작업실 공개..중간고사→작품활동 '몰입'","TV 앞으로 끌어당길 예정입니다. 이날 구혜선은 자신만의 작업실에서 대학원 중간고사 과제부터 작곡, 미술 등 작업 활동에 한창입니다. 하지만 온라인 강의를 듣던 중...", 2020.11.05 , MBN 
19,'전참시' 구혜선이 뜬다..중간고사→작품활동까지 [M+TV컷],"시선을 TV 앞으로 끌어당길 예정. 이날 구혜선은 자신만의 작업실에서 대학원 중간고사 과제부터 작곡, 미술 등 작업 활동에 한창이다. 하지만 온라인 강의를 듣던 중...", 2020.11.05 , MBN 
20,"'전참시' 구혜선, 중간고사 준비→셀프 앞머리 커트..필터링 없는...","시청자들의 시선을 사로잡을 예정이다.최근 구혜선은 자신만의 작업실에서 대학원 중간고사 과제부터 작곡, 미술 등 작업 활동에 한창이다. 하지만 온라인 강의를 듣던 중...", 2020.11.05 , 텐아시아 
21,"'전참시' 구혜선, 출격..중간고사→작품활동까지 일상 大공개 [TV...","라이프가 공개된다. 최근 진행된 녹화에서 구혜선은 자신만의 작업실에서 대학원 중간고사 과제부터 작곡, 미술 등 작업 활동에 한창이다. 하지만 온라인 강의를 듣던 중...", 2020.11.05 , 스포츠투데이 
22,대면 중간고사 본 고려대생 1명 확진..3개 건물 임시폐쇄,고려대에서 중간고사 대면시험을 본 학부생 1명이 코로나19 확진 판정을 받은 것으로 확인됐습니다. 고려대학교는 이에 따라 확진 학생의 동선이 겹치는 문과대학 서관과...,,
23,"부산치대, AI 감독 중간고사 실시",치대)이 지난달 23일 인공지능이 감독하는 무인 감독 환경에서 중간고사를 치렀다. 이번 무인 감독 중간고사에는 엔에스데블의 비대면 온라인 및 오프라인 평가기술..., 2020.11.05 , 치과신문 
24,"'전참시' 구혜선이 뜬다, 중간고사→작품활동까지..구방미인 작업...","시선을 TV 앞으로 끌어당길 예정. 이날 구혜선은 자신만의 작업실에서 대학원 중간고사 과제부터 작곡, 미술 등 작업 활동에 한창이다. 하지만 온라인 강의를 듣던 중...", 2020.11.05 , 한국경제 
25,"대구 한 사립고, 중간고사 시험문제 문제집 베껴 출제 물의…재시...",대구의 한 사립고에서 중간고사 시험 문제를 일반 문제집과 똑같이 출제해 논란이 되고 있다.대구시교육청은 5일 북구 한 고교에서 지난달 26일 치러진 1학년 사회과목 중간..., 2020.11.06 , 경북일보 
26,"""여러분 힘내세요""..우석대, 중간고사 기간 간식 나눔 펼쳐",[완주=뉴시스]윤난슬 기자 = 우석대학교는 중간고사 기간을 맞아 학생들을 격려하기 위한 '간식 나눔' 행사를 펼쳤다고 22일 밝혔다.(사진=우석대 제공) [완주=뉴시스..., 2020.10.22 , 뉴시스 
27,"[충청포럼] 첫째 아이의 2학기 중간고사, 코로나19","등교, 1학년인 셋째는 매주 등교하고 있다. 그리고 필자가 재직하고 있는 대학은 중간고사 교과목 중 교양과목은 출석 시험, 그리고 중간고사 이후 9주 차인 10월 4번째 주...", 2020.10.29 , 충청신문 
28,"'신박' 중간고사, 예민한 홍석천 집정리 산넘었다 '갤러리 같은 ...",신박한 정리 팀이 홍석천이란 산을 넘으며 무사히 중간고사를 치러냈다. 10월 26일 방송된 tvN ‘신박한 정리’에서는 홍석천의 집을 정리했다. 홍석천은 “얼마 전에..., 2020.10.27 , 뉴스엔 
29,"서울여자간호대학교, 2학기 중간고사 대면 시험으로 진행",간호대학교(총장 김종수)가 지난 12일부터 16일까지 대면 시험으로 진행된 2학기 중간고사의 모든 일정을 성공적으로 마무리했다. 앞서 서울여자간호대는 코로나19의 여파로..., 2020.10.23 , 파이낸셜뉴스 
30,[교육소식]대전대 총학생회 중간고사 마스크 나눔 행사 등,나눔행사 [대전=뉴시스] 유순상 기자 = 대전대는 '34대 일편단심 총학생회'가 중간고사 기간을 맞아 재학생들에게 마스크 및 손소독제를 나눠줬다고 23일 밝혔다. 안전한..., 2020.10.23 , 뉴시스 
31,"'전참시' 구혜선, 중간고사 과제→셀프 앞머리 커트... 반전 일상...","시선을 TV 앞으로 끌어당길 예정.이날 구혜선은 자신만의 작업실에서 대학원 중간고사 과제부터 작곡, 미술 등 작업 활동에 한창이다. 하지만 온라인 강의를 듣던 중 별안간...", 2020.11.05 , 스타데일리뉴스 
32,'전참시' 구혜선이 뜬다! 중간고사→작품활동까지..'구방미인 작...,"시선을 TV 앞으로 끌어당길 예정. 이날 구혜선은 자신만의 작업실에서 대학원 중간고사 과제부터 작곡, 미술 등 작업 활동에 한창이다. 하지만 온라인 강의를 듣던 중...", 2020.11.05 , 뉴스웨이브 
33,'전참시' 구혜선이 뜬다! 중간고사→작품활동까지..'구방미인 작...,"시선을 TV 앞으로 끌어당길 예정. 이날 구혜선은 자신만의 작업실에서 대학원 중간고사 과제부터 작곡, 미술 등 작업 활동에 한창이다. 하지만 온라인 강의를 듣던 중...", 2020.11.05 , 나눔뉴스 
34,'전참시' 구혜선이 뜬다! 중간고사→작품활동까지..'구방미인 작...,"시선을 TV 앞으로 끌어당길 예정. 이날 구혜선은 자신만의 작업실에서 대학원 중간고사 과제부터 작곡, 미술 등 작업 활동에 한창이다. 하지만 온라인 강의를 듣던 중...", 2020.11.05 , 스타저널 
35,'전참시' 구혜선이 뜬다! 중간고사→작품활동까지..'구방미인 작...,"시선을 TV 앞으로 끌어당길 예정. 이날 구혜선은 자신만의 작업실에서 대학원 중간고사 과제부터 작곡, 미술 등 작업 활동에 한창이다. 하지만 온라인 강의를 듣던 중...", 2020.11.05 , 케이에스피뉴스 
36,"한솔플러스수학교실, 전국 중간고사 시행 결과","브랜드 한솔플러스수학교실에서는 초, 중등 학생 대상 누구나 응시 가능한 전국 중간고사를 시행했다. 2학기 학사 일정이 2개월도 채 남지 않은 시점에 다음 학년을 준비...", 2020.10.30 , 공감신문 
37,"서울여자간호대, 2학기 중간고사 대면 시험으로 진행",신문 조영은 기자] 서울여자간호대학교(총장 김종수)가 12일부터 16일까지 2학기 중간고사를 대면 시험으로 진행했다. 앞서 서울여자간호대는 코로나19의 여파로 2학기 수업..., 2020.10.26 , 한국대학신문 
38,"다가오는 중간고사, '이렇게' 공부하면 효율이 떨어져요","2학기 중간고사가 얼마 남지 않았다. 시험공부는 항상 힘들지만, 중간고사는 유독 공부에 집중하기 힘든 느낌이다. 벚꽃의 다른 꽃말은 중간고사라는 말이 있듯, 1학기 중간...", 2020.10.13 , 하이닥 
39,"중간고사 시험 대비, '천재교육 밀크티 중학'으로 실력 UP",© 뉴스1 (서울=뉴스1) 김수정 기자 = 10월 중간고사 시험 일정을 앞두고 있는 중학교들이 많다. 사회적 거리 두기 상황에서 중간고사 시험을 생략하는 학교도 있지만 단계가..., 2020.10.12 , 뉴스1 
40,"벌써 2학기 중간고사.. 고2, 예비 고3이 되는 시기",함께 병행하는 것이 바람직하다. ━ 나에게 유리한 전형을 판단하자 ━ ① 모의고사 성적으로 정시 위치 판단하기 수시 전형 및 지원 대학을 설계하기 위해서는 먼저 모의..., 2020.10.23 , 머니S 
41,토스트 나누며 중간고사 수험생 응원,포항대학교 학술정보관은 20일 중간고사 기간을 맞아 대면으로 시험을 치르는 학생들을 응원하기 위해 평보도서관 북카페 내에서 간식 지원 행사를 열었다. 이날 행사는..., 2020.10.21 , 대경일보 
42,"중간고사 보는 부산대, 캠퍼스 10층 건물서 학생 떨어져 사망",재학생이 A씨가 떨어지는 모습을 본 후 경찰에 신고했다. 이날은 부산대 2학기 중간고사 시험기간이어서 건물 안팎에 적지 않은 학생들이 오가던 상황이었다. 이 때문에..., 2020.10.20 , 중앙일보 
43,"진세연, 안경도 귀엽게 소화 ""중간고사 시작""","제공 배우 진세연이 귀여운 매력을 뽐냈다. 진세연은 16일 자신의 SNS에 ""이제 곧 중간고사 시작""이라는 글과 함께 사진 한 장을 게재했다. 공개된 사진 속에는 새침한 표정...", 2020.10.16 , 한국일보 
44,"대전대 총학생회, 중간고사 기간 마스크 배부",대전대학교 34대 일편단심 총학생회가 중간고사 기간을 맞아 재학생들을 위한 마스크 및 손소독제 배부행사를 개최했다고 25일 밝혔다. 준비한 방역물품은 마스크 2000..., 2020.10.25 , 전국매일신문 
45,"고2, 중간고사 끝나면 기말고사? '예비 고3' 준비도 해야","동아일보 DB많은 학교에서 중간고사를 실시하면서, 2학기도 중반을 넘어서고 있다. 고2는 이제 ‘예비 고3’이라는 말을 더 자주 듣는지도 모른다. 본격적인 수험생 생활을...", 2020.10.23 , 에듀동아 
46,"대전대 총학생회, 중간고사 기간 재학생 위한 마스크 및 손소독제...",[충청투데이 윤지수 기자] 대전대는 제34대 일편단심 총학생회가 중간고사 기간을 맞아 재학생들을 위한 마스크 및 손소독제 배부 행사를 개최했다고 25일 밝혔다. 재학생들...,,
47,"대전대 총학생회, 중간고사 기간 재학생 마스크 및 손소독제 배부",이준희 기자] 대전대학교(총장 이종서) 34대 일편단심 총학생회(회장 이정환)가 중간고사 기간을 맞아 재학생들을 위한 마스크 및 손소독제 배부행사를 개최했다. 코로나19..., 2020.10.23 , 뉴스밴드 
48,우석대 중간고사 맞이한 학생 위해 간식 나눔 사업 펼쳐,[베리타스 알파=유재명 기자] 우석대가 중간고사 기간을 맞아 학생들을 격려하기 위해 '간식 나눔'을 진행했다. 21일 남천현 총장과 교무위원 총학생회는 전주캠퍼스 농구장..., 2020.10.21 , 베리타스알파 
49,숭실대 중간고사 이후도 전면 비대면..올해는 비대면으로만,코로나바이러스 감염증(코로나19) 여파로 전면 비대면 수업을 이어오던 숭실대가 중간고사 이후에도 전면 비대면 수업을 지속하기로 했다. 숭실대학교는 6일 교무위원회를..., 2020.10.06 , 뉴스1 
50,"중간고사 마친 중학생, 이번 주말 PC방 올까?","일선 중학교 대다수가 이번 주에 2학기 중간고사를 마무리하는 가운데, 이번 주말부터 중학생 손님들의 PC방 이용 증가가 기대된다. ‘사회적 거리두기’가 지난 10월 12일...", 2020.10.16 , 아이러브PC방 
51,"교통대, 중간고사 간식 전달",한국교통대학교(총장 박준훈)는 지난 20일 2학기 중간고사 기간 중 대면시험을 준비하는 학생들에게 총장이 직접 간식을 전달하는 `Student First 간식 전달 이벤트'를 진행...,,
52,"'어제의 기출을 오늘 본다!' 족보닷컴, 중간고사 대비 빠른족보 ...","떨어지고 있으며, 학습 격차 역시 심해지고 있다. 때문에 학생들의 입장에서는 중간고사를 어떻게 준비할지 다소 난감하기만 한 것이 사실. 이에 족보닷컴에 학생들의 중간...", 2020.10.07 , 서울경제 
53,"대교협 회장 ""대학들 10월 중간고사 후 대면수업 늘릴 것""",협의체인 한국대학교육협의회(대교협) 김인철 회장(한국외대 총장)은 10월 중간고사 이후 대학 대면수업이 늘어날 것이라고 내다봤다. 신종 코로나바이러스 감염증(코로나19..., 2020.10.13 , 뉴시스 
54,"한국교통대학교, 중간고사 ‘Student First 간식 전달 이벤트’ 진행",=한국교통대학교는 20일 2학기 중간고사 기간 중 대면 시험을 준비하는 학생들에게 총장이 직접 간식을 전달하는 ‘Student First 간식 전달 이벤트’를 진행했다. (C..., 2020.10.20 , 브레이크뉴스 
55,"'시진핑 집권 중간고사' 中 5중전회 개막.. ""트럼프 어찌할까""",중국 공산당 제5차 전체회의에서 대미 압박카드를 중점적으로 논의할 전망이다./사진=뉴스1 중국 공산당 제19기 중앙위원회 제5차 전체회의(5중전회) 막이 올랐다. 5중전회..., 2020.10.26 , 머니S 
56,"중원대학교, 중간고사 간식나눔 소통 '총장님이 떴다' 이벤트 실시",(괴산=국제뉴스) 이재기 기자 = 중원대학교(총장 김두년)는 중간고사 기간을 맞아 21일 오후 9시에 총장이 생활관을 깜짝 방문해 간식나눔 소통 이벤트 ‘총장님이 떴다’를..., 2020.10.22 , 국제뉴스 
57,"우석대학교, 중간고사 맞이한 학생 위해 간식 나눔 사업 펼쳐","남천현 총장과 교무위원, 총학생회 등이 참여한 가운데, 전주캠퍼스 농구장에서 중간고사 기간을 맞은 학생들에게 샌드위치와 음료를 나눠주고 격려하고 응원하는 ‘간식...", 2020.10.21 , 전북일보 
58,박준훈 교통대 총장 중간고사 간식 전달 이벤트,한국교통대학교(총장 박준훈·사진)는 지난 20일 2학기 중간고사 기간 중 대면시험을 준비하는 학생들에게 총장이 직접 간식을 전달하는 `Student First 간식 전달 이벤트..., 2020.10.21 , 충청타임즈 
59,"이화여대, 중간고사 기간 ‘든든한 이화사랑’ 행사 개최",[에듀인뉴스=한치원 기자] 이화여자대학교는 19일 중간고사 시험기간 동안 재학생들에게 간식을 제공하는 ‘든든한 이화사랑’ 프로그램을 실시했다. ‘든든한 이화사랑’은..., 2020.10.19 , 에듀인뉴스 
60,"""간식 먹고 힘내요"" 교통대 중간고사 간식 이벤트",한국교통대가 중간고사 기간 중인 20일 총장이 시험을 준비하는 학생들에게 간식을 전하는 '스튜던트 퍼스트 간식 전달 이벤트'를 가졌다. 이날 박준훈 총장과 본부 보직..., 2020.10.20 , 충청일보 
61,한국 교통대 중간고사 '간식 전달 이벤트’ 진행,[베리타스 알파=유재명 기자] 한국교통대는 20일 2학기 중간고사 기간 중 대면 시험을 준비하는 학생들에게 총장이 직접 간식을 전달하는 'Student First 간식 전달 이벤트..., 2020.10.20 , 베리타스알파 
62,"천재교육 밀크티 중학, 중간고사 시험 대비 특강 선보여",10월 중 중간고사 시험 일정을 앞두고 있는 중학교들이 많다. 사회적 거리 두기 상황에서 중간고사 시험을 생략하는 학교도 있지만 단계가 다소 완화됨에 따라 시험을..., 2020.10.12 , 데일리그리드 
63,추석 끝나면 중간고사·대학별고사·수능..연휴 고3 학습전략은,30일부터 10월4일까지 5일간 추석연휴가 시작됐다. 연휴가 끝나면 고3은 2학기 중간고사가 시작되며 곧이어 논술·면접 등 대학별 고사가 줄줄이 이어지고 12월3일 대학수학..., 2020.09.30 , 뉴시스 
64,"대교협 회장 ""10월 중간고사 후 대학 대면수업 확대 경향""","대교협) 김인철 회장(한국외대 총장)이 13일 ""(대학들이) 전반적으로 10월3주차 중간고사 이후 대면수업을 확대하는 경향이 뚜렷하다""고 밝혔다. 김인철 회장은 이날 오전...", 2020.10.13 , 머니투데이 
65,"한국교통대, 중간고사 ‘Student First 간식 전달 이벤트’ 진행","내외뉴스통신] 김의상 기자한국교통대학교(총장 박준훈)는 10월 20일(화), 2학기 중간고사 기간 중 대면 시험을 준비하는 학생들에게 총장이 직접 간식을 전달하는...", 2020.10.21 , 내외뉴스통신 
66,"한국교통대,중간고사 ‘Student First 간식 전달 이벤트’ 진행",공보뉴스/충주본부] 윤일근 기자 한국교통대학교(총장 박준훈)는 10월 20일 2학기 중간고사 기간 중 대면 시험을 준비하는 학생들에게 총장이 직접 간식을 전달하는..., 2020.10.20 , 한국공보뉴스 
67,한국교통대 중간고사 'Student First 간식 전달 이벤트' 진행,(충주=국제뉴스) 김상민 기자 = 한국교통대학교(총장 박준훈)는 20일 2학기 중간고사 기간 중 대면 시험을 준비하는 학생들에게 총장이 직접 간식을 전달하는 'Student..., 2020.10.20 , 국제뉴스 
68,"세한대학교, 총학생회 주관 중간고사 기간을 맞아 코로나키트 나...",[뉴스투데이=염보연 기자] 세한대학교(총장 이승훈) 총학생회가 지난 19일 중간고사 기간을 맞아 ‘시험기간 코로나키트 및 간식나눔행사’를 진행했다고 밝혔다. 이번 행사..., 2020.10.23 , 뉴스투데이 
69,"대전대 총학생회, 코로나19 감염 예방위해 ‘중간고사 기간 마스...",[아시아뉴스통신=이영호 기자] 대전대학교(총장 이종서) 총학생회(회장 이정환)가 중간고사 기간을 맞아 재학생들을 위한 마스크 및 손소독제 배부행사를 가졌다. 이번 행사..., 2020.10.23 , 아시아뉴스통신 
70,"한국교통대학교, 중간고사 ‘Student First 간식 전달 이벤트’ 진행",학생과 소통하기 위한 자리를 마련했다. 교통대 박준훈 총장은 20일 2학기 중간고사 기간 중 대면 시험을 준비하는 학생들을 위해 직접 간식을 전달하는 ‘Student First..., 2020.10.20 , 충청투데이 
71,"한국교통대학교, 중간고사 ‘Student First 간식 전달 이벤트’ 열려","충북 충주=문병철 기자] 한국교통대학교(총장 박준훈)는 10월 20일(화), 2학기 중간고사 기간 중 대면 시험을 준비하는 학생들에게 총장이 직접 간식을 전달하는 ‘Student...", 2020.10.20 , 세계뉴스통신 
72,"단기간 확실한 중간고사 대비 전략은..""내모를 통한 내신 기출 유...","교육의 질 측면에서 부작용 또한 여실히 드러나 있는 상태다. 그럼에도 2학기 중간고사는 이달 중 변경없이 치러져, 원격 수업의 부족함을 메꾸면서 시험을 준비해야 하는...", 2020.10.14 , 서울경제 
73,ubc 울산방송) 중간고사 앞두고 심야교습 단속 나서,"강남교육지원청이 2학기 중간고사를 앞두고 학원과 교습소의 심야교습 불시점검에 나섭니다. 강남교육청은 코로나 상황에서 중간고사를 앞두고, 삼산동 등 학원 밀집지역...",,
74,"진세연, 중간고사 준비도 열심히 `청순 요정 미모`","청순 요정 미모를 뽐냈다. 16일, 배우 진세연은 자신의 인스타그램에 ""이제 곧 중간고사 시이자악. #우리모두화이팅""이라는 글과 함께 한 장의 사진을 게재했다. 사진 속...", 2020.10.16 , OBC더원방송 
75,"코로나 시대..""중간고사를 어떡할까요""","안 나오는 3학년이 절반”이라며 “등교가 재개되면 1,2학년을 등교시키고 10월 중순 중간고사 일정에 맞춰 다시 고3을 등교시킬 예정”이라고 말했다. 지난 8워 6일 유은혜...", 2020.09.17 , 한국일보 
76,“대학들 10월 중간고사 후 대면수업 늘릴 것”,협의체인 한국대학교육협의회(대교협) 김인철 회장(한국외대 총장)은 10월 중간고사 이후 대학 대면수업이 늘어날 것이라고 내다봤다. 신종 코로나바이러스 감염증(코로나19...,,
77,"구혜선 매니저, 알고보니 2대째 '구혜선 담당'","칼날보다 얇은 0호 붓으로 그린 섬세화부터 직접 작곡한 곡의 피아노 연주, 중간고사 과제 등 구혜선의 다재다능 작업실 라이프가 눈길을 끌었다. 하지만 집중 모드도 잠시...", 44분전 , 한국경제 
78,"김인철 대교협 회장 ""중간고사 이후 각 대학, 대면수업 확장 경향...","[뉴스웍스=윤현성 기자] 김인철 대학교육협의회(대교협) 회장이 ""(대학들이) 중간고사 이후부터는 대면수업을 확장하는 경향이 뚜렷하다""고 확언했다. 김 회장은 13일 국회...", 2020.10.13 , 뉴스웍스 
79,"""옛날 수업방식으론 영원히 안돌아갑니다""..디지털교육 선도, '글...","자문위원회를 구성하고, 그 분들이 어떻게 질 좋은 강의를 했는지, 또 어떻게 중간고사에서 잘 치렀는지 매뉴얼을 만들고 관련 동영상도 짧게 만들려 하고 있다”고 했다...", 17분전 , 헤럴드경제 
80,"수학인강 '세븐에듀', 고1·고2 2학기 기말고사 내신 대비 ‘프로...","[잡포스트] 신희범 기자 = 2학기 중간고사 시험 일정이 거의 끝이 났다. 시험 대비를 잘해서 결과가 좋은 학생도, 그렇지 못한 학생도 있을 것이다. 다소 결과가 좋지...", 2020.11.05 , 잡포스트 
81,"대면 수업 늘어난 대학가..""반갑지만 방역 괜찮을까?""",[앵커] 2학기 중간고사가 끝난 이후 대학가에선 대면 수업을 시행하는 학교들이 조금씩 늘고 있습니다. 오랜만에 강의실을 찾은 학생들은 캠퍼스 생활을 반가워하면서도..., 2020.11.07 , YTN 
82,"세븐에듀, 2학기 중간고사 만점전략 서비스 오픈",서비스를 오픈했다. 코로나19 사태로 학업 공백이 생긴 학생들에게는 다가오는 중간고사는 큰 부담이다. 이에 세븐에듀에서는 고1·고2 학생들이 얼마 남지 않은 중간고사를...,,
83,"세븐에듀, 중간고사 성적을 올리는 효과적인 학습법 공개",통신) 박유니 기자 = 이번 추석 연휴가 끝나면 10월 중순부터 고등학생들의 2학기 중간고사가 본격적으로 시작된다. 수학인강 강사 차길영은 “시험 준비를 잘 하기 위해서...,,
84,"수학싸부, 2학기 중간고사 수학 성적 올리는 법 공개",(서울=NSP통신) 박유니 기자 = 수학싸부에서 2학기 중간고사 수학 성적을 올리는 효과적인 방법을 소개했다. 2학기 중간고사 준비를 위해 수학싸부가 선보이는 서비스는...,,
85,"'전지적참견시점' 구혜선, 식초 해장국 먹방→작업실 일상까지 '...","칼날보다 얇은 0호 붓으로 그린 섬세화부터 직접 작곡한 곡의 피아노 연주, 중간고사 과제 등 구혜선의 다재다능 작업실 라이프가 눈길을 끌었다. 하지만 집중 모드도 잠시...", 17시간전 , 스포츠동아 
86,"대면 수업 늘어난 대학가..""반갑지만 방역 괜찮을까?""",[앵커] 2학기 중간고사가 끝난 이후 대학가에선 대면 수업을 시행하는 학교들이 조금씩 늘고 있습니다. 오랜만에 강의실을 찾은 학생들은 캠퍼스 생활을 반가워하면서도..., 2020.11.07 , YTN 
87,"""작품 한 점에 5000만원 판매""..구혜선, 작가의 삶 공개","몰두하는 모습을 보여줬다. 구혜선은 이 공간에서 직접 작업한 피아노 연주, 중간 고사 과제, 그림 작업 등을 하는 것으로 전해졌다. 구혜선은 ""프랑스에서 열린 전시회에서...", 23시간전 , SBS funE 
88,"효과적인 내신 성적 관리, 중등인강으로 '중간고사 대비부터 시작'",ⓒ천재교과서 곧 중학교 중간고사 기간이 다가온다. 학교에 따라 시험을 생략하고 남은 수행평가와 기말고사로 내신성적을 산출하는 학교도 있지만 시험을 치르는 중학교도..., 2020.09.09 , 데일리안 
89,"언택트 수학 '수학싸부', 2학기 중간고사 수학 성적 올리는 법 공개",모두 도와준다”고 전했다. 이에 수학싸부에서는 막막해하는 학생들을 위해 2학기 중간고사 수학 성적을 올리는 효과적인 방법을 소개했다. ‘주간 학습 꼼꼼 체크’ 서비스..., 2020.09.29 , 데일리시큐 
90,"""남친 있었다""..'전참시' 구혜선, 작업실→'꽃남' 生리얼 일상 공...","칼날보다 얇은 0호 붓으로 그린 섬세화부터 직접 작곡한 곡의 피아노 연주, 중간고사 과제 등 구혜선의 다재다능 작업실 라이프가 눈길을 끌었다. 앞서 프랑스에서 열린...", 2020.11.08 , 텐아시아 
91,"수학인강 세븐에듀, 고1·고2를 위해 2학기 ‘중간고사 만점전략...",24일 밝혔다. 코로나19 사태로 학업 공백이 생긴 학생들에게는 다가오는 중간고사는 큰 부담이다. 이에 세븐에듀에서는 고1·고2 학생들이 얼마 남지 않은 중간고사를 효율...,,
92,"'전참시' 구혜선, 재능 부자의 작업실 라이프..'동시간대 1위'[E!...","칼날보다 얇은 0호 붓으로 그린 섬세화부터 직접 작곡한 곡의 피아노 연주, 중간고사 과제 등 구혜선의 다재다능 작업실 라이프가 눈길을 끌었다. 하지만 집중 모드도 잠시...", 22시간전 , 스포츠한국 
93,"'전지적 참견 시점' 구혜선 소속사 대표X매니저, 알고보니 父子사이","칼날보다 얇은 0호 붓으로 그린 섬세화부터 직접 작곡한 곡의 피아노 연주, 중간고사 과제 등 구혜선의 다재다능 작업실 라이프가 눈길을 끌었다. 하지만 집중 모드도 잠시...", 23시간전 , MK스포츠 
94,"'전참시' 구혜선, 리얼한 일상 공개..최고 시청률 7.4% '동시간대...","칼날보다 얇은 0호 붓으로 그린 섬세화부터 직접 작곡한 곡의 피아노 연주, 중간고사 과제 등 구혜선의 다재다능 작업실 라이프가 눈길을 끌었다. 하지만 집중 모드도 잠시...", 23시간전 , 스포츠투데이 
95,"'전지적 참견 시점' 구혜선, 식초 해장국 먹방→작업실 일상까지","칼날보다 얇은 0호 붓으로 그린 섬세화부터 직접 작곡한 곡의 피아노 연주, 중간고사 과제 등 구혜선의 다재다능 작업실 라이프가 눈길을 끌었다. 하지만 집중 모드도 잠시...", 23시간전 , MBN 
96,"'전참시' 구혜선, 이혼 후 첫 방송..식초 해장국 흡입까지","칼날보다 얇은 0호 붓으로 그린 섬세화부터 직접 작곡한 곡의 피아노 연주, 중간고사 과제 등 구혜선의 다재다능 작업실 라이프가 눈길을 끌었다. 하지만 집중 모드도 잠시...", 23시간전 , 스포츠경향 
97,"'전참시' 구혜선, 작업실 라이프 공개..최고의 1분 '7.4%'","칼날보다 얇은 0호 붓으로 그린 섬세화부터 직접 작곡한 곡의 피아노 연주, 중간고사 과제 등 구혜선의 다재다능 작업실 라이프가 눈길을 끌었다. 하지만 집중 모드도 잠시...", 2020.11.08 , YTN 
98,"'이혼 후 첫 예능' 구혜선, '전참시'서 '生리얼' 일상 공개","칼날보다 얇은 0호 붓으로 그린 섬세화부터 직접 작곡한 곡의 피아노 연주, 중간고사 과제 등 구혜선의 다재다능 작업실 라이프가 눈길을 끌었다. 하지만 집중 모드도 잠시...", 23시간전 , enews24 
99,"구혜선, 리얼한 식초 해장국 먹방..양세형 ""진짜 미식가다""('전참...","칼날보다 얇은 0호 붓으로 그린 섬세화부터 직접 작곡한 곡의 피아노 연주, 중간고사 과제 등 구혜선의 다재다능 작업실 라이프가 눈길을 끌었다. 하지만 집중 모드도 잠시...", 2020.11.08 , 엑스포츠뉴스 
100,"'전참시' 구혜선, 2代째 매니저인 부자+리얼 작업실 라이프 첫 공개","칼날보다 얇은 0호 붓으로 그린 섬세화부터 직접 작곡한 곡의 피아노 연주, 중간고사 과제 등 구혜선의 다재다능 작업실 라이프가 눈길을 끌었다. 하지만 집중 모드도 잠시...", 2020.11.08 , 뉴스1 
101,"[SC리뷰] '전참시' 구혜선, 식초 해장국 먹방→작업실 일상까지 '...","칼날보다 얇은 0호 붓으로 그린 섬세화부터 직접 작곡한 곡의 피아노 연주, 중간고사 과제 등 구혜선의 다재다능 작업실 라이프가 눈길을 끌었다. 하지만 집중 모드도 잠시...", 2020.11.08 , 스포츠조선 
102,"'전참시' 구혜선 소속사 대표·매니저, 알고보니 父子사이 ""2대째...","칼날보다 얇은 0호 붓으로 그린 섬세화부터 직접 작곡한 곡의 피아노 연주, 중간고사 과제 등 구혜선의 다재다능 작업실 라이프가 눈길을 끌었다. 하지만 집중 모드도 잠시...", 2020.11.08 , 마이데일리 
103,"'전참시' 구혜선 효과, 시청률 6.6%","칼날보다 얇은 0호 붓으로 그린 섬세화부터 직접 작곡한 곡의 피아노 연주, 중간고사 과제 등 구혜선의 다재다능 작업실 라이프가 눈길을 끌었다. 하지만 집중 모드도 잠시...", 2020.11.08 , 티브이데일리 
104,"구혜선, 비밀레시피 공개..선지해장국에 식초 한컵","칼날보다 얇은 0호 붓으로 그린 섬세화부터 직접 작곡한 곡의 피아노 연주, 중간고사 과제 등 구혜선의 다재다능 작업실 라이프가 눈길을 끌었다. 하지만 집중 모드도 잠시...", 2020.11.08 , 이데일리 
105,"수학 스타강사 차길영, 추석 연휴에 중간고사 성적을 올리는 효과...","뉴스=황규준 기자] 이번 추석 연휴가 끝나면 10월 중순부터 고등학생들의 2학기 중간고사가 본격적으로 시작된다.수학인강 스타강사 차길영은 ""시험 준비를 잘 하기 위해서...",,
106,'전참시' 구혜선도 깜짝 놀란 매니저의 정체 [TV북마크](종합),"칼날보다 얇은 0호 붓으로 그린 섬세화부터 직접 작곡한 곡의 피아노 연주, 중간고사 과제 등 구혜선의 다재다능 작업실 라이프가 눈길을 끌었다. 하지만 집중 모드도 잠시...", 2020.11.08 , 스포츠동아 
107,"'전참시' 구혜선, 소속사 대표=15년 전 원조 매니저 ""2代째 구혜...","칼날보다 얇은 0호 붓으로 그린 섬세화부터 직접 작곡한 곡의 피아노 연주, 중간고사 과제 등 구혜선의 다재다능 작업실 라이프가 눈길을 끌었다. 하지만 집중 모드도 잠시...", 2020.11.08 , MBC연예 
108,"'전참시' 구혜선, 식초 해장국 먹방→작업실까지..리얼 일상 공개","칼날보다 얇은 0호 붓으로 그린 섬세화부터 직접 작곡한 곡의 피아노 연주, 중간고사 과제 등 구혜선의 다재다능 작업실 라이프가 눈길을 끌었다. 하지만 집중 모드도 잠시...", 2020.11.08 , 스포츠서울 
109,"구혜선 ""7개월 된 매니저, 11살 때 처음 만나""..15년 인연 ing ('...","칼날보다 얇은 0호 붓으로 그린 섬세화부터 직접 작곡한 곡의 피아노 연주, 중간고사 과제 등 구혜선의 다재다능 작업실 라이프가 눈길을 끌었다. 하지만 집중 모드도 잠시...", 2020.11.08 , OSEN 
110,"'전참시' 구혜선, 작업실→식초 해장국 먹방..生리얼 일상 '눈길'","칼날보다 얇은 0호 붓으로 그린 섬세화부터 직접 작곡한 곡의 피아노 연주, 중간고사 과제 등 구혜선의 다재다능 작업실 라이프가 눈길을 끌었다. 하지만 집중 모드도 잠시...", 2020.11.08 , 한국일보 
111,[제민포럼] 시험에 관한 기억,계속 실시간 온라인수업으로 진행되고 있어 화면으로만 만나던 학생들을 2학기 중간고사가 되어서야 강의실에서 학생들을 처음으로 만날 수 있었다. 중간고사는 담당교수...,,
112,'전참시' 구혜선 서프라이즈 일상 대방출..6.6% 동시간 1위[종합],"칼날보다 얇은 0호 붓으로 그린 섬세화부터 직접 작곡한 곡의 피아노 연주, 중간고사 과제 등 구혜선의 다재다능 작업실 라이프가 눈길을 끌었다. 하지만 집중 모드도 잠시...", 2020.11.08 , 스타뉴스 
113,"'전참시' 태권트롯맨 나태주, 공중회전으로 서울 찍고 대구까지.....","칼날보다 얇은 0호 붓으로 그린 섬세화부터 직접 작곡한 곡의 피아노 연주, 중간고사 과제 등 구혜선의 다재다능 작업실 라이프가 눈길을 끌었다. 하지만 집중 모드도 잠시...", 2020.11.08 , 한국경제 
114,한솔플러스수학교실 전국 중간고사 시행,수학 학습 성취도를 점검할 수 있는 기회를 제공하기 위해 ‘한솔플러스 전국 중간고사’를 시행한다. 9월23일부터 10월23일까지 시행되는 전국 중간고사는 한솔플러스수학..., 2020.09.15 , 데일리시큐 
115,"대전대, 중간⦁기말고사 모두 대면평가로 진행",대면평가를 원칙으로 진행된다. 대전대 관계자는 “공정한 시험평가를 위해 중간고사와 기말고사는 대면 평가로 진행된다”며 “코로나19의 확산 추이에 따라 이는 변동...,,
116,충북대 중간고사 준비도 ‘거리두기’,[충청투데이 김희도 기자], 2020.10.21 , 충청투데이 
117,"온택트 시대, 성공적인 2학기 중간고사 준비는? 스마트 중등인강 ...",등 시즌에 맞는 커리큘럼으로 빈틈없는 학습을 돕는다. 이번에도 어김없이 2학기 중간고사 대비 '100점 완성코스' 시험 특강을 오픈했다. 학교시험 출제 경향 분석 및 주요..., 2020.09.08 , 한국경제TV 
118,"""'전참시' 출연""..구혜선, 이혼 후 첫 예능서 일상 공개→관심 폭발","구혜선의 일상이 담길 예정이다. 예고에서 구혜선은 자신만의 작업실에서 대학원 중간고사 과제부터 작곡, 미술 등 작업 활동에 한창인 모습을 보여줬다. 또한 매니저 없이...", 2020.11.07 , 이데일리 
119,"'족보닷컴' 19일, 2학기 중간고사 대비 '미리보는 중간고사' 서비...","19일 족보닷컴에서는 ‘미리보는 중간고사’ 서비스를 오픈하여 제공하고 있다. 코로나 19 바이러스의 영향으로 1학기 중간고사, 기말고사 등의 시험이 원활하지 않아 시험...", 2020.08.19 , 세계일보 
120,"구혜선, 이혼 후 첫 예능으로 왜 '전참시' 택했나","공개된 구혜선의 일상은 ‘반전’의 연속이었다. 자신의 비밀 작업실에서 대학원 중간고사 과제부터 작곡, 미술 등의 작업을 한다. 또 온라인 강의를 듣던 중 별안간 청소를...", 2020.11.07 , 데일리안 
121,구혜선 오늘(7일) '전참시' 출격..이혼 후 첫 예능[MK이슈],"바에 따르면 구혜선의 일상은 '반전'의 연속이다. 자신만의 작업실에서 대학원 중간고사 과제부터 작곡, 미술 등 작업 활동을 펼친 그는 온라인 강의를 듣던 중 별안간 청소...", 2020.11.07 , 스타투데이 
122,중간고사 만점은 기말도 만점?..학생 부글부글,결석하는 경우 '인정점 100%'를 부여하는 지침에 따라 해당 학생의 중간고사 성적을 기말고사에 그대로 반영했다. 이에 동급생들은 곧바로 B양이 해당 지침을 악용했다고...,,
123,"삼육대, 중간고사 전까지 전면 비대면 수업",삼육대(총장 김일목)는 2학기 중간고사 전 주인 7주차(10월 19일)까지 수업을 전면 비대면으로 전환한다. 최근 수도권을 중심으로 코로나19 감염증이 급속도로 확산하고..., 2020.08.24 , 중앙일보 
124,"'전참시' 구혜선, 식초 해장국 먹방→작업실 대공개 '生리얼'","칼날보다 얇은 0호 붓으로 그린 섬세화부터 직접 작곡한 곡의 피아노 연주, 중간고사 과제 등 구혜선의 다재다능 작업실 라이프가 눈길을 끌었다. 하지만 집중 모드도 잠시...", 16시간전 , 조이뉴스24 
125,"삼육대, 중간고사 전까지 수업 전면 비대면 전환",서 기다리고 있다./뉴스1 © News1 (서울=뉴스1) 정지형 기자 = 삼육대가 2학기 중간고사 전까지 수업을 전면 비대면으로 전환한다. 사회적 거리두기 2단계 격상에 따른 조치..., 2020.08.21 , 뉴스1 
126,"‘전참시’ 구혜선, 서프라이즈 작업실 라이프..분당 최고 시청률...","칼날보다 얇은 0호 붓으로 그린 섬세화부터 직접 작곡한 곡의 피아노 연주, 중간고사 과제 등 구혜선의 다재다능 작업실 라이프가 눈길을 끌었다. 하지만 집중 모드도 잠시...", 16시간전 , 브레이크뉴스 
127,"수학인강 '세븐에듀', 고1·고2 2학기 중간고사 내신 대비 ‘프로...",학교생활을 보내고 있다. 1학기 기말고사를 치른 게 엊그제 같은데 벌써 2학기 중간고사 기간이다. 상당수의 학생은 1학기 수학 내신 등급을 만회하기 위해 2학기 중간고사..., 2020.09.10 , 잡포스트 
128,"푸르넷 에듀, 2021 예비 중학생 위한 신규 강좌 오픈","주는 영역이 크게 줄어들고, 수업시간과 과목수가 늘어난다. 또 수행평가와 중간고사, 기말고사 등 평가와 시험도 미리 대비해야 한다. 이에 금성출판사가 예비 중학생을...", 2020.11.06 , 머니S 
129,"중계동 국어전문학원 ‘국권학원’, 2학기 내신 중간고사 개강","걱정하는 학부모와 학생들을 위해 노원구 중계동에 위치한 국어전문 국권학원이 중간고사를 어떻게 효율적으로 준비해야 되는지 중3, 고1, 고2 순으로 자세하게 소개한다...", 2020.09.07 , 데일리시큐 
130,'AI 감독관'이 무인 시험 환경 앞당긴다..부산대 첫 적용,"부산대학교가 국내 처음으로 치의학전문대학원 중간고사 시험에 인공지능(AI) 감독관 시스템을 도입, 교수와 감독관없이 무인 감독 환경에서 시험을 치렀다. 부산대학교는...", 2020.11.01 , 전자신문 
131,"구혜선, '전참시'로 이혼 후 첫예능 출격..필터링 제로 일상 오픈","끌어당길 예정이라고 예고했다. 녹화 당시 구혜선은 자신만의 작업실에서 대학원 중간고사 과제부터 작곡, 미술 등 작업 활동에 한창었다. 그러나 온라인 강의를 듣던 중...", 2020.11.06 , 스포티비뉴스 
132,헬스장·병원·모임..일상 곳곳 감염 지속,것으로 조사돼 센터 운영이 오는 10일까지 중단됐습니다. 성북구 고려대에서는 중간고사 대면시험에 응시한 학생 1명이 확진 판정을 받아 방역조치가 이뤄졌습니다. 대구..., 2020.11.05 , 연합뉴스TV 
133,"연세대, 2학기 중간고사까지 비대면수업 결정",비대면 방식으로 진행키로 했다. 연세대 전경. (사진=연세대) 19일 연세대는 2학기 중간고사 기간까지 비대면 방식으로 수업을 진행한다고 밝혔다. 전날 학교측은 2..., 2020.08.19 , 이데일리 
134,고려대서 대면시험 본 학생 1명 확진..동선파악,고려대학교에서 중간고사 대면시험에 응시한 학생 1명이 코로나19 확진 판정을 받은 것으로 알려졌습니다. 고려대와 총학생회 비상대책위원회 등에 따르면 학교 측은 학생들..., 2020.11.04 , 연합뉴스TV 
135,대구서 보건소 직원 확진..일상 곳곳 감염 지속,검사를 실시했고 결과는 오늘 오전 나올 예정입니다. 서울 안암동 고려대학교에서 중간고사 시험을 본 학생 1명도 코로나19 확진 판정을 받았습니다. 학교측은 당일 같은..., 2020.11.05 , 연합뉴스TV 
136,대구서 보건소 직원 확진..일상 곳곳 감염 지속,검사를 실시했고 결과는 오늘 오전 나올 예정입니다. 서울 안암동 고려대학교에서 중간고사 시험을 본 학생 1명도 코로나19 확진 판정을 받았습니다. 학교측은 당일 같은..., 2020.11.05 , 연합뉴스TV 
137,"삼육대, 2학기 중간고사 전까지 수업 전면 비대면 전환",제공=삼육대학교 [아시아경제 이현주 기자] 삼육대학교는 2학기 중간고사 전 주인 10월19일까지 수업을 전면 비대면으로 전환한다고 23일 밝혔다. 최근 수도권 중심으로..., 2020.08.23 , 아시아경제 
138,"연세대 ""2학기 중간고사 때까지 전면 온라인 수업으로""",2020.05.09. photo@newsis.com [서울=뉴시스] 천민아 기자 = 연세대가 오는 2학기 중간고사까지 모든 수업을 비대면으로 전환한다고 밝혔다. 19일 서승환 연세대 총장은..., 2020.08.19 , 뉴시스 
139,"연세대 ""중간고사까지 온라인만으로 수업""",오는 2학기 수업 방식을 비대면으로 진행하기로 결정했다. 19일 연세대는 2학기 중간고사 기간까지 비대면 방식으로 수업을 진행한다고 밝혔다. 학교 측은 지난 18일 2학기..., 2020.08.19 , 매일경제 
140,수학인강만으로 수학 점수 40점 이상 오른 비결,[잡포스트] 신희범 기자 = 코로나19 재확산의 여파 속에서도 2학기 중간고사 시험은 정상적으로 치러졌다. 내신시험 대비를 철저히 해서 만족할 만한 성적을 얻은 학생도..., 2020.11.06 , 잡포스트 
141,"토즈 스터디센터, 예비 고1 대상 60만원 상당 1:1 학습 종합 컨설...",대한 로드맵을 지금 이 시기에 준비해 두지 않으면 대부분의 학생이 고1 첫 중간고사에서 혼란을 겪고 3년 내내 학업과 진로에 대한 심리적 갈등을 겪는 경우가 많다. 50..., 2020.11.06 , 뉴스1 
142,"'전참시' 구혜선, '구방미인' 작업실 공개","구방미인' 작업실 라이프가 공개된다. 이날 구혜선은 자신만의 작업실에서 대학원 중간고사 과제부터 작곡, 미술 등 작업 활동에 한창이다. 하지만 온라인 강의를 듣던 중...", 2020.11.05 , 뉴시스 
143,"대학원 숙제부터 셀프 커트까지..구혜선, '전참시'서 일상 공개한다","작업실과 함께 일상의 모습을 전할 예정이다. 이날 구혜선은 작업실에서 대학원 중간고사 과제에 매진하기도 하고, 작곡과 미술 등 작업 활동 등으로 바쁜 시간을 보냈다...", 2020.11.05 , 세계일보 
144,서강대 10월16일 중간고사 전까지 비대면강의..개교 60주년 행사...,않고 있는 상황에서 각 대학도 비대면수업 일정을 연장하고 있다. 서강대학교는 중간고사 직전인 10월16일까지 학부수업을 전면 비대면으로 시행할 것이라고 10일 밝혔다..., 2020.09.10 , 뉴스1 
145,"'전참시' 구혜선, 이혼 후 첫 예능..'구방미인' 작업실 일상 공개...","시점’에 구혜선이 뜬다. 사진=MBC 이날 구혜선은 자신만의 작업실에서 대학원 중간고사 과제부터 작곡, 미술 등 작업 활동에 한창이다. 하지만 온라인 강의를 듣던 중...", 2020.11.05 , MK스포츠 
146,"'전참시' 구혜선, 먹방+노필터링 일상 공개","반전과 서프라이즈의 연속이었다고. 이날 구혜선은 자신만의 작업실에서 대학원 중간고사 과제부터 작곡, 미술 등 작업 활동에 한창이다. 하지만 온라인 강의를 듣던 중...", 2020.11.05 , 스타투데이 
147,"'전참시' 구혜선, 이혼 후 첫 예능..선지국 먹방+소탈한 일상 공개","시선을 TV 앞으로 끌어당길 예정. 이날 구혜선은 자신만의 작업실에서 대학원 중간고사 과제부터 작곡, 미술 등 작업 활동에 한창이다. 하지만 온라인 강의를 듣던 중...", 2020.11.05 , 한국경제 
148,"구혜선, 이혼 후 첫 예능..가감없는 반전 일상 공개 ('전참시')","시선을 TV 앞으로 끌어당길 예정. 이날 구혜선은 자신만의 작업실에서 대학원 중간고사 과제부터 작곡, 미술 등 작업 활동에 한창이다. 하지만 온라인 강의를 듣던 중...", 2020.11.05 , 엑스포츠뉴스 
149,"구혜선 '전참시' 출격, 작업실→작품활동 'NO필터' 일상 공개 [공식]","시선을 TV 앞으로 끌어당길 예정dlek. 이날 구혜선은 자신만의 작업실에서 대학원 중간고사 과제부터 작곡, 미술 등 작업 활동에 한창이다. 하지만 온라인 강의를 듣던 중...", 2020.11.05 , OSEN 
150,"'전참시' 구혜선, 필터링 제로 일상 공개..셀프 앞머리 커트+먹방...","시선을 TV 앞으로 끌어당길 예정이다. 이날 구혜선은 자신만의 작업실에서 대학원 중간고사 과제부터 작곡, 미술 등 작업 활동에 한창이다. 하지만 온라인 강의를 듣던 중...", 2020.11.05 , 뉴스엔 
151,"'이혼 후 예능출연' 구혜선, 전참시 뜬다","이목을 집중시킬 것으로 기대된다. 이날 구혜선은 자신만의 작업실에서 대학원 중간고사 과제부터 작곡, 미술 등 작업 활동에 매진했다. 하지만 온라인 강의를 듣던 중...", 2020.11.05 , 머니S 
152,‘전지적 참견 시점’ 구혜선 이혼 후 첫 예능 ‘최고 시청률 7.4%’,"칼날보다 얇은 0호 붓으로 그린 섬세화부터 직접 작곡한 곡의 피아노 연주, 중간고사 과제 등 구혜선의 다재다능 작업실 라이프가 눈길을 끌었다. 하지만 집중 모드도 잠시...",,
153,"'전참시' 구혜선, '구방미인' 작업실 공개..필터링 제로 일상 오픈","시선을 TV 앞으로 끌어당길 예정이다. 이날 구혜선은 자신만의 작업실에서 대학원 중간고사 과제부터 작곡, 미술 등 작업 활동에 한창인 모습을 보인다. 하지만 온라인 강의...", 2020.11.05 , 서울경제 
154,본격적인 행보?..구혜선 '전참시'로 활동 가동,"시선을 TV 앞으로 끌어당길 예정이다. 이날 구혜선은 자신만의 작업실에서 대학원 중간고사 과제부터 작곡, 미술 등 작업 활동에 한창이다. 하지만 온라인 강의를 듣던 중...", 2020.11.05 , TV리포트 
155,"구혜선 '전참시' 출격, 셀프 앞머리 커트→먹방 공개..필터링 제...","시선을 TV 앞으로 끌어당길 예정. 이날 구혜선은 자신만의 작업실에서 대학원 중간고사 과제부터 작곡, 미술 등 작업 활동에 한창이다. 하지만 온라인 강의를 듣던 중...", 2020.11.05 , 스포츠조선 
156,"'전참시' 구혜선, 이혼 후 첫 예능 출격..'필터링 제로' 일상 오픈","시선을 TV 앞으로 끌어당길 예정. 이날 구혜선은 자신만의 작업실에서 대학원 중간고사 과제부터 작곡, 미술 등 작업 활동에 한창이다. 하지만 온라인 강의를 듣던 중...", 2020.11.05 , YTN 
157,"구혜선, '전참시'서 일상 공개.. 셀프 앞머리 커트→먹방","시선을 TV 앞으로 끌어당길 예정. 이날 구혜선은 자신만의 작업실에서 대학원 중간고사 과제부터 작곡, 미술 등 작업 활동에 한창이다. 하지만 온라인 강의를 듣던 중...", 2020.11.05 , 이데일리 
158,"'전참시' 구혜선, 매니저 없이 '혼자서도 잘해요'..특별한 해장국...","시선을 TV 앞으로 끌어당길 예정. 이날 구혜선은 자신만의 작업실에서 대학원 중간고사 과제부터 작곡, 미술 등 작업 활동에 한창이다. 하지만 온라인 강의를 듣던 중...", 2020.11.05 , 스포츠조선 
159,예능으로 돌아온 구혜선..'전참시'서 일상 공개,"또 다른 면모를 선보일 예정이다. 이날 구혜선은 자신만의 작업실에서 대학원 중간고사 과제부터 작곡, 미술 등 작업 활동에 열중한다. 하지만 온라인 강의를 듣던 중...", 2020.11.05 , 서울신문 
160,'전참시' 구혜선이 뜬다! '구방미인 작업실' 大공개,"시선을 TV 앞으로 끌어당길 예정.이날 구혜선은 자신만의 작업실에서 대학원 중간고사 과제부터 작곡, 미술 등 작업 활동에 한창이다. 하지만 온라인 강의를 듣던 중 별안간...", 2020.11.05 , 스포츠경향 
161,"구혜선, 이혼 후 첫 예능 출연..'전참시'서 생생한 일상 공개","글을 게시한 바 있다. 이날 방송에는 구혜선이 자신만의 비밀 작업실에서 대학원 중간고사 과제, 작곡, 미술 등 다양한 작업 활동에 나서는 모습이 공개된다. 특히 온라인...", 2020.11.05 , 머니투데이 
162,"'전참시' 구혜선, 이혼 후 첫 예능..'구방미인' 작업실→해장국 먹방","시선을 TV 앞으로 끌어당길 예정. 이날 구혜선은 자신만의 작업실에서 대학원 중간고사 과제부터 작곡, 미술 등 작업 활동에 한창이다. 하지만 온라인 강의를 듣던 중...", 2020.11.05 , enews24 
163,"'전참시' 구혜선, 대학원생·미술작가로 '구방미인' 일상 공개","예고편을 공개했다. 구혜선은 공개된 예고편에서 자신만의 작업실에서 대학원 중간고사 과제부터 작곡, 미술 등 작업 활동에 매진한다. 그러나 온라인 강의를 듣다가 별안간...", 2020.11.05 , 더팩트 
164,"구혜선, '전참시' 출격..작업실→반전 일상 大 공개","연속인 일상을 공개할 예정이다. 구혜선은 자신만의 작업실에서 대학원 중간고사 과제부터 작곡, 미술 등 작업 활동에 몰입하는 모습도 공개한다. 하지만 온라인 강의를...", 2020.11.05 , 한국일보 
165,[시청률 VS.] ‘전지적 참견 시점’ 구혜선 서프라이즈 일상 공개...,"칼날보다 얇은 0호 붓으로 그린 섬세화부터 직접 작곡한 곡의 피아노 연주, 중간고사 과제 등 구혜선의 다재다능 작업실 라이프가 눈길을 끌었다. 하지만 집중 모드도 잠시...", 2020.11.08 , 스포츠서울 
166,'이혼 후 첫 예능나들이' 구혜선의 일상이 공개된다(ft.전참시),"또 다른 면모를 보일 예정이다. 이날 구혜선은 자신만의 작업실에서 대학원 중간고사 과제부터 작곡, 미술 등 작업 활동에 한창이다. 하지만 온라인 강의를 듣던 중 별안간...", 2020.11.05 , 더 셀럽 
167,"'전참시' 구혜선, 식초 해장국 먹방→작업실 일상까지","칼날보다 얇은 0호 붓으로 그린 섬세화부터 직접 작곡한 곡의 피아노 연주, 중간고사 과제 등 구혜선의 다재다능 작업실 라이프가 눈길을 끌었다. 하지만 집중 모드도 잠시...", 2020.11.08 , 스타데일리뉴스 
168,"‘전지적참견시점’ 구혜선, 작업실→식초 해장국 먹방.. 매니저 ...","칼날보다 얇은 0호 붓으로 그린 섬세화부터 직접 작곡한 곡의 피아노 연주, 중간고사 과제 등 구혜선의 다재다능 작업실 라이프가 눈길을 끌었다. 하지만 집중 모드도 잠시...", 2020.11.08 , 뉴스인사이드 
169,연세대 2학기 중간고사까지 전면 온라인수업..모든 과목 절대평가,연세대학교가 신종 코로나바이러스 감염증(코로나19) 확산 예방을 위해 2학기 중간고사 기간까지 모든 수업을 비대면 방식으로 진행하기로 했다. 시험 평가방식도 1학기 때..., 2020.08.19 , 뉴스1 
170,"'전지적 참견 시점' 구혜선, 다재다능한 서프라이즈 일상 공개","칼날보다 얇은 0호 붓으로 그린 섬세화부터 직접 작곡한 곡의 피아노 연주, 중간고사 과제 등 구혜선의 다재다능 작업실 라이프가 눈길을 끌었다. 하지만 집중 모드도 잠시...", 2020.11.08 , 아시아투데이 
171,"연세대, 10월 말까지 전면 온라인수업..중간고사도 비대면 평가",COVID-19) 확진자 수가 증가세를 보이는 가운데 연세대학교가 10월 말 예정된 2학기 중간고사 기간까지 모든 수업을 전면 비대면 수업으로 전환키로 결정했다. 연세대..., 2020.08.19 , 머니투데이 
172,고려대서 대면시험 본 학생 1명 확진..동선파악·방역조치,고려대학교 [연합뉴스TV 제공] (서울=연합뉴스) 정성조 기자 = 고려대에서 중간고사 대면시험에 응시한 학생 1명이 신종 코로나바이러스 감염증(코로나19) 확진 판정을 받은..., 2020.11.04 , 연합뉴스 
173,"연세대, 2학기 중간고사까지 전면 온라인 강의한다","서승환 연세대 총장은 19일 학교 구성원들에게 보낸 편지에서 ""부득이 2학기 중간고사(10월 20일∼26일)까지 모든 수업을 전면 온라인 수업으로 전환하고, 중간고사 이후...", 2020.08.19 , 한국일보 
174,"[기초학력 8편] 중학생 기자가 본 원격수업..""개선됐지만 불안""","주지 못하셔서 애들도 자기 담임선생님도 잘 모르는 경우도 있고…"" 지난 주에 중간고사가 끝났습니다. 결과가 나오면 고민이 더 깊어질지도 모르겠습니다. 학교가 조금 더...", 2020.11.03 , EBS 
175,"물로 배 채운 시절, 서랍에 '빵' 넣어준 친구를 찾습니다","혁명공약을 암송케 했다. 운동장 조회시간 전교생은 이 혁명공약을 낭독했고, 중간고사 사회 시험에도 출제돼 빈칸을 메우게 했다. 혁명공약에서 ""절망과 기아 선상에서...", 2020.11.06 , 오마이뉴스 
176,"연세대, 2학기 10월까지 온라인강의..중간고사는 절대평가","2학기 수업 방식을 비대면으로 진행하기로 결정했다. 19일 연세대는 2학기 중간고사까지 모든 수업을 비대면 방식으로 진행한다고 밝혔다. 연세대는 공지를 통해 ""코로나19...", 2020.08.19 , 파이낸셜뉴스 
177,"'최파타' 우주소녀 쪼꼬미 ""흥칫뿡 챌린지, 환불원정대 가장 기억...",관심사”에 대한 질문에 다영은 “학교를 다니고 있는데 ‘흥칫뿡’활동을 하면서 중간고사를 치르느라 힘들었다. ‘흥칫뿡’이 계속 머릿속에 맴돌았다”고 중독성 강한..., 2020.11.03 , TV리포트 
178,"연세대, 전면 비대면 수업..""10월 중간고사 때까지""",연세대가 2학기 중간고사를 치르는 10월 말까지 전 강의를 비대면 수업으로 전환하기로 했다. 연세대 관계자는 19일 “2학기 중간고사(10월 20~26일)까지 모든 수업을...,,
179,중학교 2학기 중간고사 대비도 스마트학습으로 안전하고 효율적으로,있지만 학부모들의 걱정은 계속될 것으로 보인다. 현 상황에서 중학생들은 2학기 중간고사를 대비해야 한다. 학교 시험에서 가장 강조되는 것은 교과서 위주의 학습이기..., 2020.08.21 , 데일리안 
180,"""고교생, 코로나 악화 대비 2학기 중간고사·원격수업 집중해야""",입시업계에서는 코로나19로 학교생활과 입시에 많은 변수가 생긴 만큼 2학기에는 중간고사 준비와 원격수업 참여에 각별히 신경 써야 한다고 조언한다. 9일 입시업계에..., 2020.08.09 , 연합뉴스 
181,"대구대, 찾아가는 청년고용정책 홍보 '호응'",위한 ‘A+ JOB GO’ 행사 사진. 대구대 제공 [경산=쿠키뉴스] 최태욱 기자 = 대구대학교가 중간고사 기간에 찾아가는 청년고용정책 홍보를 위한 ‘A+ JOB GO’ 행사를 개최..., 2020.11.02 , 쿠키뉴스 
182,연세대 2학기 중간고사 기간까지 비대면 강의..기숙사비도 환불 조치,연세대학교는 2학기 중간고사 기간까지 모든 강의를 비대면 온라인 수업으로 진행한다고 밝혔습니다. 연세대 관계자는 중간고사 기간이 끝나는 오는 10월 26일까지 수업을...,,
183,"남규리, 現 소속사와 이별..""'카이로스' 종영 후 거취 결정""","사랑의 인사' 등의 히트곡으로 인기를 누렸다. 2008년 영화 '고死(사): 피의 중간고사'로 연기 활동을 시작했으며 2010년 SBS 드라마 '인생은 아름다워' '49일', JTBC '무정...", 2020.11.02 , 더팩트 
184,"중앙대, 2학기 개강일에 수업방식 변경...중간고사까지 전면 비대면","중앙대학교가 2020학년도 2학기 수업운영 방식을 또 다시 변경했다. 2학기 중간고사 기간까지 전면 비대면 수업을 진행하고, 이후 수업 방식은 차후 논의를 통해 결정하기로...", 2020.09.02 , 뉴스핌 
185,"연세대, 2학기 중간고사까지 온라인수업 전환…중간고사도 비대면...","[대학저널 백두산 기자] 연세대학교(총장 서승환)가 2학기 중간고사기간까지 모든 수업을 전면 온라인수업으로 전환한다. 중간고사는 비대면 평가로 진행하며, 2학기 모든...", 2020.08.19 , 대학저널 
186,"안재현, 살 쏙 빠진 근황… 구혜선 ‘전참시’서 물오른 미모","시점’에 출연해 일상을 공개한다. 이날 구혜선은 자신만의 작업실에서 대학원 중간고사 과제부터 작곡, 미술 등 작업 활동에 한창이다. 하지만 온라인 강의를 듣던 중...", 2020.11.07 , 천지일보 
187,"삼육대, 중간고사 전까지 전면 비대면 수업","삼육대, 중간고사 전까지 전면 비대면 수업 삼육대 전경 삼육대(총장 김일목)가 2학기 수업을 중간고사 전까지 전문 비대면으로 실시한다. 삼육대는 2학기 수업 7주차인...", 2020.08.23 , 메트로신문 
188,"연세대, 2학기 중간고사까지 비대면 수업 진행","전 강의를 비대면 수업으로 운영하기로 결정했다. 연세대 관계자는 19일 “2학기 중간고사(10월 20일∼26일)까지 모든 수업을 온라인 강의로 전환하고, 그 이후 상황은 10월...",,
189,고교 2학기 중간고사 지필시험 볼까..교육당국 협의 속도,서울시교육청 청사.(사진=뉴시스 DB). photo@newsis.com 시교육청은 1학기 중 중간고사를 '과정중심평가'로 치르도록 권장했던 '학업성적관리지침'을 2학기에도 유지할지..., 2020.08.04 , 뉴시스 
190,"삼육대, 중간고사 전까지 전면 비대면 수업",삼육대는 “2학기 중간고사 전 주인 7주차(10월 19일)까지 수업을 전면 비대면으로 전환한다”고 최근 밝혔다. 삼육대는 지난 21일 교무위원회를 열고 이 같은 내용을 골자..., 2020.08.24 , 에듀동아 
191,고3 ‘EBS 교재 문제집’ 그대로 베껴 문제 출제 대구 북구 사립...,대구 지역의 한 사립고등학교가 중간고사 시험 문제를 시중 문제집에서 그대로 베껴 출제해 물의를 빚고 있다. 5일 대구시교육청 등에 따르면 북구의 한 사립고에서 1...,,
192,"""빵 한개 값도 안되는 '천원 밥상'..아침이 든든""",계속되며 전남대는 천원의 아침밥을 일시 중단했었다. 그러나 지난주 시작된 중간고사와 이번 달부터 이어지는 대면수업 재개로 천원의 밥상이 재개돼 다시 학생들을 만나게..., 2020.11.02 , 뉴스1 
193,"[인공지능시대 미래교육] 시험, 언제까지 펜으로?...""디지털 시험...",출제자로부터 평가받는 과정이다. 일반적으로 대학에서는 학기 중에 한 번 보는 중간고사와 학기 말에 한 번 보는 기말고사를 진행한다. 시험은 주어진 물음이나 지시에..., 2020.11.04 , 에듀인뉴스 
194,[Opinion] 24절기 책꾸러미 - 2020 입동 (立冬) [도서],"글쓰기브라이언 데이비드 록크, 서광사 2. 철학적 글쓰기저자는 \""2피트 높이의 중간고사 논문 더미를 채점한 후에 이 지침서를 작성하기 시작했다\""고 말한다. 각각의 학생...", 2020.11.07 , 아트인사이트 
195,코로나19로 운영 중단 전남대 '천원의 아침밥' 재개,따르면 코로나19로 비대면 수업이 이어지면서 중단했던 천원의 아침밥 식당이 최근 중간고사와 다음 달 대면 수업을 계기로 다시 문을 열었다. 천원의 아침밥은 전남대가..., 2020.10.28 , 뉴시스 
196,수능? 대학별 고사? 재수?..추석연휴 집중 학습법,"수능 대비 학습과 면접 대비 병행이 가능해진다. ▶재수·반수 고려한다면, 2학기 중간고사 준비=고등학교마다 다르긴 하나 대체로 추석연휴 기간 이후 1~2주 이내에 중간...", 2020.10.01 , 헤럴드경제 
197,"수능 한 달 전 잇단 교내 감염..불안한 고3 ""차라리 가정학습""",고수하는 학교도 적지 않다. 경기 C고교에 재학 중인 고3 박모군(19)은 “1~2학년 중간고사 때만 잠시 원격수업을 했을 뿐”이라며 “정시를 준비하는 학생들을 위해 학교가...,,
198,‘하렘의 남자들’ 패러디 영상 ‘시험의 남자들’ 노소리 화제,한 유튜버가 화제다. 고려대학교 스포츠과학과에 재학 중인 유튜버 노소리는 ’중간고사에 돌아버린 [시험의 노예들]’이라는제목으로 짧은 영상을 올렸다. 해당 영상은..., 2020.11.04 , 더파워 
199,"금성출판사 푸르넷 에듀, 예비 중학생 위한 신규 강좌 오픈","주는 영역이 크게 줄어들고, 수업시간과 과목수가 늘어난다. 또 수행평가와 중간고사, 기말고사 등 평가와 시험도 미리 대비해야 한다. 이에 금성출판사가 예비 중학생을...", 2020.11.06 , 에너지경제 
200,"삼육대, 중간고사 전까지 전면 비대면 수업",[에듀인뉴스=한치원 기자] 삼육대(총장 김일목)는 2학기 중간고사 전 주인 7주차(10월 19일)까지 수업을 전면 비대면으로 전환한다고 밝혔다. 최근 수도권을 중심으로..., 2020.08.21 , 에듀인뉴스 
201,"삼육대, 중간고사 전까지 전면 비대면 수업",[대학저널 백두산 기자] 삼육대학교(총장 김일목)는 2학기 중간고사 전 주인 7주차(10월 19일)까지 수업을 전면 비대면으로 전환한다. 최근 수도권을 중심으로 코로나19..., 2020.08.21 , 대학저널 
202,"삼육대, 중간고사 전까지 전면 비대면 수업",[베리타스알파=신승희 기자] 삼육대는 2학기 중간고사 전 주인 7주차(10월 19일)까지 수업을 전면 비대면으로 전환한다고 21일 전했다. 최근 수도권을 중심으로 코로나19..., 2020.08.21 , 베리타스알파 
203,"삼육대, 중간고사 전까지 전면 비대면 수업",삼육대(총장 김일목)는 2학기 중간고사 전 주인 7주차(10월 19일)까지 수업을 전면 비대면으로 전환한다. 최근 수도권을 중심으로 코로나19 감염증이 급속도로 확산하고...,,
204,노래방 사람 몰리는데..대학 '대면수업 재개' 괜찮을까 [현장+],"면이 있다""고 했다. 대학가 코로나감염 위험 여전히 남아 있어 이처럼 2학기 중간고사가 대부분 종료되면서 대학들이 대면 수업 시행을 고민하고 있지만 코로나19의 감염...", 2020.11.01 , 한국경제 
205,"구혜선, '전참시'로 이혼 후 첫예능 출격…필터링 제로 일상 오픈","끌어당길 예정이라고 예고했다. 녹화 당시 구혜선은 자신만의 작업실에서 대학원 중간고사 과제부터 작곡, 미술 등 작업 활동에 한창었다. 그러나 온라인 강의를 듣던 중...", 2020.11.06 , OBC더원방송 
206,"경북대, 3주간 '비대면 수업'…영남대는 중간고사 전까지",바 있다.한편 영남대학교(총장 서길수)도 이날 9월 1일 개강 이후 2학기 수업을 중간고사(10월 16일) 이전까지 비대면 수업으로 진행하기로 결정했다.영남대 측은 학과에..., 2020.08.25 , 매일신문 
207,'서울시장 선거 지면 끝'..터져 나오는 '反문재인연대' 될까?,목소리가 높아진 이유는 내년 4월 서울시장 선거가 사실상 차기 대통령 선거의 중간고사이기 때문이다. 국민의힘은 지난 4·15 총선에서 1987년 민주화 이후 선거에서 가장..., 2020.11.01 , 서울경제 
208,"삼육대, 2학기 중간고사 전까지 전면 비대면 수업 실시",[스마트경제=복현명 기자] 삼육대학교가 2학기 중간고사 전 주인 7주차(10월 19일)까지 수업을 전면 비대면으로 전환한다. 최근 수도권을 중심으로 코로나19 감염증이..., 2020.08.22 , 스마트경제 
209,"'자습시간 추행 혐의' 여고 교사 1심 무죄..""증명 없어""","같이 추행한 것이 아닌가 의심이 들지만, 피고인은 시기적으로 8~9월로 10월의 중간고사를 앞두고 진도 나가기 바빠 자습시간을 줄 수 없다는 등 공소사실을 일관되게 부인...", 2020.10.30 , 뉴시스 
210,"토즈 스터디센터, 대입 성공을 위한 예비 고1 회원 대상 60만원 ...",대한 로드맵을 지금 이 시기에 준비해 두지 않으면 대부분의 학생들이 고1 첫 중간고사에서 혼란을 겪고 3년 내내 학업과 진로에 대한 심리적 갈등을 겪는 경우가 많다. 50..., 2020.11.06 , 일간리더스경제신문 
211,"구혜선, '전참시'로 방송 컴백…작업실 라이프 공개","라이프가 공개된다.최근 녹화에서 구혜선은 자신만의 비밀 작업실에서 대학원 중간고사 과제부터 작곡, 미술 등 다양한 활동을 하는 바쁜 일상을 공개했다. 하지만 온라인...", 2020.11.05 , 브릿지경제신문 
212,"‘전참시’ 구혜선, 솔직 일상 공개..구방미인 작업실 라이프 ‘...","시선을 TV 앞으로 끌어당길 예정. 이날 구혜선은 자신만의 작업실에서 대학원 중간고사 과제부터 작곡, 미술 등 작업 활동에 한창이다. 하지만 온라인 강의를 듣던 중...", 2020.11.05 , 브레이크뉴스 
213,"'전지적 참견 시점' 구혜선, '구방미인' 작업실 라이프 공개","시선을 TV 앞으로 끌어당길 예정.이날 구혜선은 자신만의 작업실에서 대학원 중간고사 과제부터 작곡, 미술 등 작업 활동에 한창이다. 하지만 온라인 강의를 듣던 중 별안간...", 2020.11.05 , 아시아투데이 
214,"'전지적 참견 시점' 구혜선, '구방미인 작업실 공개'","시선을 TV 앞으로 끌어당길 예정.이날 구혜선은 자신만의 작업실에서 대학원 중간고사 과제부터 작곡, 미술 등 작업 활동에 한창이다. 하지만 온라인 강의를 듣던 중 별안간...", 2020.11.05 , 톱데일리 
215,"'전지적 참견시점' 구혜선, '라떼월드 + 화가 + 셀프 앞머리 커트...","있는 비밀 작업실 인테리어가 흥미를 자극하는 가운데 구혜선은 작업실에서 대학원 중간고사 과제부터 작곡, 미술 등 작업 활동에 한창인 모습을 보여준다. 하지만 온라인...", 2020.11.05 , 뉴스인사이드 
216,"구혜선, '전지적 참견 시점' 출격…'구방미인' 작업실 라이프 大공개","시청자들의 시선을 사로잡을 전망이다. 이날 구혜선은 자신만의 작업실에서 대학원 중간고사 과제부터 작곡, 미술 등 작업 활동에 한창이다. 하지만 온라인 강의를 듣던 중...", 2020.11.05 , 디지틀조선일보 
217,"'전참시' 구혜선, 이혼 후 첫 관찰예능…셀프 앞머리 커트 등 '반...","시선을 TV 앞으로 끌어당길 예정.이날 구혜선은 자신만의 작업실에서 대학원 중간고사 과제부터 작곡, 미술 등 작업 활동에 한창이다. 하지만 온라인 강의를 듣던 중 별안간...", 2020.11.05 , 조이뉴스24 
218,"군산대,'대학일자리센터 및 청년고용정책 야외홍보 행사'개최","적극 알려 참여도와 만족도를 더욱 높일 수 있는 좋은 기회” 라고 밝혔다. 행사는 중간고사 기간에 맞물려 진행되면서, 시험을 위해 학교를 방문하는 학생들이 적극 참여...", 2020.10.28 , 프레시안 
219,"""김종인, 선거 결과로 평가""..젊은 옹호파 목소리 높인다","최근 한 라디오에서 “김 위원장이 선거 결과에 특화된 분이어서, 선거라는 중간·기말고사가 나왔을 때 이 분의 가치를 평가할 수 있다고 본다”고 했다. 김 위원장은 전날...",,
220,'셀프 주유·해장국 원샷' 구혜선 이혼 후 일상 공개...안재현 근...,"시선을 TV 앞으로 끌어당길 예정. 이날 구혜선은 자신만의 작업실에서 대학원 중간고사 과제부터 작곡, 미술 등 작업 활동에 한창이다. 하지만 온라인 강의를 듣던 중...", 2020.11.05 , 여성조선 
221,"""'김종인의 선거' 결과 봐야"" ""'집토끼'도 떠나겠다""..국민의힘 '...","최근 한 라디오에서 “김 위원장이 선거 결과에 특화된 분이어서, 선거라는 중간·기말고사가 나왔을 때 이 분의 가치를 평가할 수 있다고 본다”고 했다. 김 위원장은 전날...", 2020.11.05 , 헤럴드경제 
222,"스페셜 매치 마친 김학범호, 최종 엔트리 전쟁 '중간 점검'",선발을 위한 본격적인 옥석 가리기를 시작한 김 감독에게 이번 스페셜 매치는 중간 고사의 의미였다. 실제 송민규(포항) 정도를 제외하고는 기존의 주축 선수들이 대부분..., 2020.10.15 , 스포츠조선 
223,"삼육대, 코로나19 영향으로 중간고사 전까지 전면 비대면 수업",[한국대학신문 허정윤 기자] 삼육대(총장 김일목)는 2학기 중간고사 전 주인 7주차(10월 19일)까지 수업을 전면 비대면으로 전환한다. 최근 수도권을 중심으로 코로나19..., 2020.08.21 , 한국대학신문 
224,무인-AI 감독관시험 대학가 등장…UBT클라우드·REC 등 적용,[U's Line 유스라인 이경희 기자] 부산대 치의학전문대학원 중간고사에 AI 시험감독관이 대학가 최초로 등장했다. 지난 10월 대한이비인후과학회와 대한영상의학회 전공의..., 2020.11.01 , U's Line 
225,"삼육대학교, 코로나19 신규 확진자 급증에 따라 2학기 중간고사 ...",​​​​​​​[한국강사신문 한상형 기자] 삼육대학교(총장 김일목)는 2학기 중간고사 전 주인 7주차(10월 19일)까지 수업을 전면 비대면으로 전환한다고 지난 21일 밝혔다. 최근 수도권..., 2020.08.30 , 한국강사신문 
226,"연세대, 2학기도 중간고사까지 온라인만으로 수업한다",19일 연세대학교는 9월부터 열리는 2학기 강의를 10월의 중간고사 기간까지 비대면 수업 방식을 유지하기로 밝혔다. 연세대 측은 18일 2학기 학사운영 대책회의를 열어 이..., 2020.08.19 , 리버티코리아포스트 
227,고려대 학생 1명 코로나19 확진…‘생명과학관’서 대면시험,[뉴스웨이 고병훈 기자]사진=연합뉴스 제공 고려대에서 중간고사 대면시험에 응시한 학생 1명이 신종 코로나바이러스 감염증(코로나19) 확진 판정을 받은 것으로 전해졌다..., 2020.11.04 , 뉴스웨이 
228,"숭실대, 2학기 중간고사까지 비대면 수업..""코로나19 재확산 고려""",고려해 올해 2학기 수업도 비대면으로 한다. 4일 대학가에 따르면 숭실대는 2학기 중간고사 기간까지 전면 비대면 수업방식을 채택했다고 밝혔다. 중간고사 이후 수업 운영...,,
229,"중·고등영어 1위 해커스, '기출로 적중 해커스 중학영문법' 3종 ...","또한, 중학교 영어 내신 시험을 완벽하게 대비할 수 있도록 중학교 시험 중간고사와 기말고사 어휘 문제 유형으로 만들어진 \'Daily Test\'와 단어 시험지 제작 프로그램을...", 2020.11.04 , 에듀동아 
230,"대면수업 전환하는 대학가..""여전히 불안한 상황"" 우려도",수업하는 대학은 22개교(6.6%)에 불과했다. 이런 가운데 대부분 대학들은 이르면 중간고사를 기점으로 대면수업 전환에 들어갈 예정이다. 지난 1학기부터 제기돼 온 등록금..., 2020.10.27 , 조선비즈 
231,"YBM, 중학영어 내신대비 '알리GO 올리GO' 26일 전국 주요 서점서 ...","출제 유형의 실전 문제로 내신을 완벽하게 대비할 수 있으며, 스텝 4는 중간고사와 기말고사를 통해 학습한 내용을 통합적으로 확인할 수 있다. 세 번째, 총 2 스텝으로...", 2020.10.26 , 뉴스1 
232,"네네치킨, 'SKT 0한동' 제휴 .. 대학생들에게 '치킨시식권' 쏜다","서비스다. 0캠퍼스는 대학생 전용 앱에 맞게 이벤트 구성 또한 대학생의 개강, 중간고사, 방학 등의 시즌에 맞춰 기획된다. 이번에 네네치킨이 함께 진행하는 이벤트 테마는...", 2020.10.23 , 머니S 
233,"연세대, 코로나19 재확산에 2학기 중간고사까지 온라인 수업",대학신문 허정윤 기자] 연세대학교(총장 서승환)가 코로나19 확산 예방을 위해 2학기 중간고사 기간까지 모든 수업을 온라인 비대면 방식으로 진행할 계획이다. 연세대는..., 2020.08.19 , 한국대학신문 
234,"서먹했던 분위기, '통일 에코백'으로 좁혔다","펜(옷감에 사용하는 펜으로 잘 지워지지 않는다)까지 사 보내왔다. ""지난 주에 중간고사가 끝나서 한 시간 수학 시간은 재충전하는 마음으로 통일 교육에 할애했어요. 진도...", 2020.10.28 , 오마이뉴스 
235,"광주교육청, 중간고사 못치르면 기말고사로 성적 대체","중단하고 원격수업을 진행하고 있다. 이 중 중·고교는 총 23개교이고, 이번 주 중간고사를 치르는 학교는 11개교다. 33번 확진자와 동선이 겹쳐 능동감시자로 분류된 중...", 2020.06.22 , 연합뉴스 
236,'줌터디' '원룸 공부방'..언택트시대 20대의 공부법,"블루를 이겨내는 추세다. ━ “상호 감시하는 거죠”, 줌으로 시험 대비해요대학교 중간고사를 맞이한 조씨(21)는 시험공부에 돌입했다. 하지만 코로나로 부쩍 외출이...", 2020.10.28 , 머니투데이 
237,"'펜트하우스' 고아 조수민 성악과 수석입학, 금수저들 분노 '폭행...","데리고 병원에 가자고 응수해 사태를 해결했다. 주단태는 딸 주석경(한지현 분)이 중간고사 답안지 백지를 낸 사실을 알고 분노했고, 주석경은 “성악하기 싫다”고...", 2020.10.28 , 뉴스엔 
238,"'신박한 정리' 홍석천X딸 주은, ""선물 받은 느낌""..갤러리 같은 ...","딸 주은 양과 함께 했다. 홍석천의 취향에 맞추느라 신박상사 멤버들은 ""오늘 중간고사를 치르는 느낌이다""라며 긴장됨을 밝혔다. 이에 홍석천은 ""오늘 홍석천 편만 지나면...", 2020.10.27 , 한국경제 
239,"[인터뷰] K타이거즈 제로 ""우리는 태권도 기반 남녀 혼성그룹, 퍼...",웃음). 김유진: 나는 아직 대학생이라 학교생활을 계속하고 있다. 다음 주부터 중간고사라 열심히 공부하고 있다. Q. 태권도진흥재단 홍보대사로 위촉됐다. 홍보대사로서..., 2020.10.27 , bnt뉴스 
240,"""밖으로 나갈 힘 얻었다""..홍석천, 까다로운 그도 만족시킨 '신박...","홍석천은 ""지금 살짝 시야에 보이는 데 좋다""라고 말했다. 박나래는 ""'신박한 정리' 중간고사다. 이 산만 넘으면 안될 게 없을 것 같다""라고 말했다. 윤균상은 ""거실의 이름...", 2020.10.27 , OSEN 
241,학원강사·쇼핑센터 직원 확진..거리두기 완화 1주일 100명 안팎,백길종 기자가 보도합니다. 【 기자 】 서울 대치동의 한 대형 대입학원입니다. 중간고사를 앞두고 이곳에서 강의하던 수학강사 이 모 씨가 코로나19 확진 판정을..., 2020.10.20 , MBN 
242,"대구대학교, 청년고용행사 ‘A+ JOB GO’ 개최",대구대학교(총장 김상호)가 중간고사 기간에 찾아가는 청년고용정책 홍보를 위한 ‘A+ JOB GO’ 행사를 개최했다.대구대 대학일자리센터는 최근(10월 19일부터 26일) 각..., 2020.11.03 , 위키트리 
243,"대구대, 청년고용정책 홍보 'A+ JOB GO' 개최",대구대학교는 중간고사 기간에 찾아가는 청년고용정책 홍보를 위한 'A+ JOB GO' 행사를 개최했다. 대구대 대학일자리센터는 지난 10월 19일부터 26일까지 각 단과대학에서..., 2020.11.02 , 중도일보 
244,"광주교육청 ""중간고사 못 치르면 기말고사로 대체""",광주 33번 확진자 동선과 겹쳐 2주간 자가 격리된 중·고생 37명의 상당수는 중간고사를 치르지 못하게 됐다면서 인정점수 활용제도에 따라 기말고사 성적으로 1학기 성적을..., 2020.06.23 , KBS 
245,"포항대, 시험기간 중 간식 지원 '학생 응원'",[포항=뉴시스] 강진구 기자 = 경북 포항대학교(총장 한홍수)는 중간고사 기간을 맞아 지난 20일 오후 평보도서관에서 시험을 치르는 학생들을 응원하기 위해 간식 지원 행사..., 2020.10.21 , 뉴시스 
246,'이태원 가게 접은' 홍석천 '신박한 정리'서 인생 2막 새출발,까다로운 홍석천의 마음에 들기 위해 고군분투한 ‘신박한 정리’ 팀은 “오늘 중간고사를 치르는 느낌이다”라고. 이에 홍석천은 “오늘 홍석천 편만 지나면 200회 쭉 간다..., 2020.10.27 , 스포츠경향 
247,"학생 성희롱 의혹 교사, 그 학생에 시험지 유출",시험 문제인지 몰랐다”고 진술한 것으로 전해졌다. 도교육청은 또 B양이 1학기 중간고사 영어 과목에서도 만점을 받았지만 별다른 문제를 발견하지 못했다고 했다...,,
248,[EDU Journal] 코로나 수능은 실수와의 싸움이다,"패턴의 특징은 남은 시간 동안 많은 학습량을 소화하려고 하는 것""이라며 ""학교 중간·기말고사는 시험범위가 좁기 때문에 벼락치기가 가능하지만 수능에선 그게 불가능하다...", 2020.10.28 , 매일경제 
249,'턱스크' 한채 330㎡ 공간에 260명 뒤엉켜.. '핼러윈 악몽' 먹구름,입구까지 수십 명이 줄지어 입장을 기다릴 만큼 붐볐다. 대학생 김모 씨(21)는 “중간고사가 끝나 친구들과 놀러왔다. 내일이 월요일이긴 해도 비대면 수업이라 별 부담이..., 2020.10.27 , 동아일보 
250,"취업시장은 '꽁꽁', 청년 취업의지는 '단단'","저는 코로나19가 끝나기 전에 스스로 이겨낼 겁니다. 제 두 발로 일어서야죠."" 중간고사가 끝이 났지만 대학가는 취준생들의 열기가 가득했다. 취업시장이 꽁꽁...", 2020.11.03 , 김해뉴스 
251,"대치동 수학학원 대맥 수강생, ‘내신 반타작’에서 ‘수학 점수 ...","회 풀어보면서 담당 선생님에게 1:1 첨삭을 받았다. 그 결과 A 학생은 지난 2학기 중간고사에서 수학2 과목의 원점수가 단번에 30점 이상 오르는 기염을 토했고, 반에서 1등...", 2020.11.03 , 아이티비즈 
252,"""수능 한달여 앞두고"" .. 대치동 학원가 60명 자가격리 '방역 비상'","청담동 Y고등학교도 이날 하루 2학년 학생들의 등교를 중단하면서 예정됐던 중간고사 시험마저 다음 주로 연기했다. S중학교 관계자는 ""학생 한 명의 형제가 A강사의 수업을...", 2020.10.20 , 아시아경제 
253,본과 4학년생의 솔직한 이야기,"싶지만, 새로운 신경과 혈관, 증상과 진단방법 치료방법 등에 대해 배우기 시작한다. 중간고사 기말고사랄 것 없이 매주 방대한 양으로 시험을 보던 본과 1학년이 가장 힘든...", 2020.11.02 , 메디칼타임즈 
254,"[종합]""큰 선물 받았다"" 홍석천의 2막을 여는 '신박한 정리'의 힘","까다로운 홍석천의 마음에 들기 위해 고군분투한 '신박한 정리' 팀은 ""오늘 중간고사를 치르는 느낌이다""라고. 이에 홍석천은 ""오늘 홍석천 편만 지나면 200회 쭉 간다""고...", 2020.10.27 , 스포츠조선 
255,밀폐된 지하공간에 260여명 다닥다닥..핼러윈 앞두고 방역 '초비상',입구까지 수십 명이 줄지어 입장을 기다릴 만큼 붐볐다. 대학생 김모 씨(21)는 “중간고사가 끝나 친구들과 놀러왔다. 내일이 월요일이긴 해도 비대면 수업이라 별 부담이..., 2020.10.26 , 동아일보 
256,"정재승 ""ABC 학점 없앤 이유? 줄세우면 어차피 AI가 1등""","고등학교, 대학교까지 모두, 우리 모두는 머릿속에 똑같은 지식을 집어넣고 중간고사, 기말고사로 점수를 토해내게 하고 실수 없이 외우라고 하고 그걸로 한 줄 세우고 대학...", 2020.10.23 , 노컷뉴스 
257,"대학가 대면수업 확대..학생들 ""시기상조""",거리두기 단계 완화로 19일부터 초·중·고교의 등교수업이 확대되는 가운데 대학들도 중간고사를 앞두고 대면수업을 늘리기로 했다. 하지만 일부 학생은 대면수업 확대...,,
258,"""이태원 클럽가요"" 핼러윈 축제, 코로나19 복병될까","핼러윈 파티를 준비하고 있다고 밝혔다. 대학생 A (23) 씨는 ""핼러윈이 마침 중간고사가 끝난 뒤라서 여자친구와 함께 코스튬을 맞춰 입고 이태원에 가기로 했다""며 ""어차피...", 2020.10.26 , 아시아경제 
259,"이준석 ""윤석열 전략 옳았다..추미애, 수세 몰릴 것""","모신 분이다. 이분은 선거 결과에 굉장히 특화된 분""이라며 ""그 '선거'라는 중간고사·기말고사 (결과)가 나왔을 때 비로소 이분의 가치를 제대로 평가할 수 있다""고 단언...", 2020.10.23 , 데일리안 
260,코로나19 여파..중간고사 미실시 학교 잇따라,[KBS 청주]코로나 여파로 중간고사를 보지 않는 학교가 잇따르고 있습니다. 충청북도교육청은 중학교의 경우 2개 학교를 제외한 125개 학교에서 중간고사를 치르지 않고..., 2020.06.22 , KBS 
261,"이화여대, '든든한 이화사랑' 프로그램 실시",[파이낸셜뉴스]이화여자대학교는 19일 중간고사 시험기간 동안 재학생들에게 간식을 제공하는 ‘든든한 이화사랑’ 프로그램을 실시했다. ‘든든한 이화사랑’은 2006..., 2020.10.19 , 파이낸셜뉴스 
262,"""중등인강으로 일대일 학습관리"", 천재교육 밀크티 중학","속에 담아 효과적인 내신 성적관리가 가능하다는 장점이 있다. 이를 바탕으로 중간고사/기말고사 시험준비와 수행평가, 서술형문제까지 확실하게 준비할 수 있다. 특히 천재...", 2020.10.22 , 세계일보 
263,코로나19 속 자유학년제 수업 이렇게..'수업나눔 콘서트',"자유학년제를 운영하고 있다. 지난해 도입된 자유학기제가 확대된 것으로, 학생들은 중간·기말고사를 보지 않고 소질과 적성을 키울 수 있는 참여형 활동을 한다. 시험을...", 2020.11.01 , 뉴시스 
264,확진 대치동 학원강사 미등록 교습소서도 수업..8개 중·고교 62...,"A외고는 20일 하루 학생들의 등교를 중단시켰다. 익명을 요구한 A외고 교장은 ""중간고사가 시작된 어제(19일) 학생들이 시험을 마친 후에야 (강사 확진 사실을) 알았다""며...", 2020.10.20 , 뉴시스 
265,[수학끝판왕] ⑱수학노트 활용법Ⅱ-'개념·실수·예상문제' 노트...,보기 위해 많은 노력을 한다. 그중 가장 필요한 것이 문제를 만들어 보는 것이다. 중간고사나 기말고사와 같은 시험에는 한 단원에서 문제가 몰려서 출제되지 않는다..., 2020.11.01 , 에듀인뉴스 
266,"""100쇄 찍은 <라틴어 수업>, 천 부도 안 팔린다 했었죠""","답을 찾아가는 그런 라틴어 책이자 인생 책, 이렇게 보면 되는데요. 매 학기 중간고사마다 이런 게 정해져 있더라고요. 시험 주제가 나의 인생에 대해서 써라. 그런데...", 2020.10.13 , 노컷뉴스 
267,"'기말시험 문제, 반장에 유출'.. 전남교육청, 해당 영어 교사 해임","1학기 1등급, 1학년 2학기 2등급, 2학년 1학기 2등급, 2학년 2학기 1등급, 3학년 중간고사 100점을 맞은 것으로 확인했다”며 “A 교사는 시험 근거 등을 유출한 것은 이번...", 2020.10.19 , 세계일보 
268,담임이 유출한 영어시험..교과서 끼워뒀다가 발각됐다,"1학기 1등급, 1학년 2학기 2등급, 2학년 1학기 2등급, 2학년 2학기 1등급, 3학년 중간고사 100점을 맞은 것으로 확인했다”며 “A교사는 시험 근거 등을 유출한 것은 이번이...", 2020.10.19 , 국민일보 
269,'기말시험 문제 반장에 유출' 고교 영어 교사 해임,"1학기 1등급, 1학년 2학기 2등급, 2학년 1학기 2등급, 2학년 2학기 1등급, 3학년 중간고사 100점을 맞은 것으로 확인했다""며 ""A 교사는 시험 근거 등을 유출한 것은 이번이...", 2020.10.19 , 연합뉴스 
270,반장에게만 시험출제 근거 알려준 담임교사 해임,"1학년 2학기 2등급, 2학년 1학기 2등급, 2학년 2학기 1등급을 받았고, 3학년 중간고사에서 100점을 맞은 것으로 확인됐다. 도 교육청 관계자는 “A 교사가 건넨 내용만 보면...", 2020.10.19 , 서울신문 
271,확진 대치동 학원강사 미등록 교습소서도 수업..8개 중·고교 60...,"A외고는 20일 하루 학생들의 등교를 중단시켰다. 익명을 요구한 A외고 교장은 ""중간고사가 시작된 어제(19일) 학생들이 시험을 마친 후에야 (강사 확진 사실을) 알았다""며...", 2020.10.20 , 뉴시스 
272,"이휘종X유담희X권아름, 한예종 출신 신예들에 거는 기대","동기이기도 한 유담희는 영화 '강철대오: 구국의 철가방', '여고괴담5', '고사: 피의 중간고사', MBC '불의여신 정이' 등의 작품으로 대중들에게 눈도장을 찍으며 앞으로의...", 2020.10.21 , enews24 
273,"기말고사 앞둔 고3 담임과 반장, 진학실 상담 뒤 완도 발칵","1학기 1등급, 1학년 2학기 2등급, 2학년 1학기 2등급, 2학년 2학기 1등급, 3학년 중간고사 100점을 맞은 것으로 확인했다”며 “A씨는 시험 근거 등을 유출한 것은 이번이...", 2020.09.25 , 중앙일보 
274,수능 코앞 '학원가 비상'..강사 2만 명 코로나 전수 검사,"많이 몰린 지역인 만큼 검사 대상자는 2만 명이 넘습니다. [김민석 / 고2 학생] ""중간고사 기간이라 계속 학원을 다녀야 하는 상황인데, 선생님들이 다 검사를 받고...", 2020.10.21 , 채널A 
275,"대면수업 확대한 대학가, ""학습권 보장"" vs. ""학습방식 선택 가능...",전면 비대면수업을 진행해왔던 여주대학교는 사회적 거리 두기가 하향됨에 따라 중간고사 기간이 시작된 지난 19일부터 모든 강의를 대면 방식으로 전환했다. 학생들은 거리..., 2020.10.24 , 디지털타임스 
276,"강원외고, 고3 학생 중간고사 시험지 유출 사실로",강원외국어고등학교 3학년 학생이 중간고사 시험지 유출을 시도한 정황이 사실로 드러났다. 1일 강원도교육청에 따르면 지난달 20일 강원외고 한 교사가 B군을 상담하는..., 2020.07.01 , 국민일보 
277,심야 교무실서 중간고사 시험지 몰래 촬영 유출한 고3,강원=뉴스1) 김정호 기자 = 강원도내 한 사립고의 학생이 심야시간 교무실에서 중간고사 시험지를 몰래 사진 촬영해 유출한 것으로 확인됐다. 1일 도교육청에 따르면 해당..., 2020.07.01 , 뉴스1 
278,중간·기말고사 성적 중요도 ↑..수행평가 반영 비율 ↓,전라북도 교육청./뉴스1 (전북=뉴스1) 임충식 기자 = 내신성적 산출에 있어 중간·기말고사 등 지필평가의 중요도가 더욱 커진다. 전북교육청(교육감 김승환)은 24..., 2020.08.24 , 뉴스1 
279,전남대 ‘천원의 아침밥’ 재개,따르면 코로나19로 비대면 수업이 이어지면서 중단했던 천원의 아침밥 식당이 최근 중간고사와 다음 달 대면 수업을 계기로 다시 문을 열었다. 천원의 아침밥은 전남대가..., 2020.10.28 , 광주타임즈 
280,"세종대, 선택적패스제에 이어 중간고사 이후 '수강철회'까지 도입","올해 코로나19 여파로 대학가는 학점 평가 방식이 이슈인 가운데 세종대학교가 중간고사를 치른 이후 '수강철회' 제도를 도입했다. 선택적패스제, 학점포기제와 마찬가지로...", 2020.08.10 , 뉴스핌 
281,[Opinion] 슬기로운 UNTACT 학교 생활 - 아쉬운 목소리 [사람],피드백을 받을 수 있어 좀 더 좋은 수업이 구성될 것이라 생각한다. 중간고사와 기말고사 즈음에 하는 설문조사는 학교 측에서 진행해 실제로 본 강의의 방식을 바꾸거나..., 2020.11.01 , 아트인사이트 
282,"""학습권 보장"" vs ""시기상조""..대면수업 확대한 대학가 '시끌'",전면 비대면수업을 진행해왔던 여주대학교는 사회적 거리 두기가 하향됨에 따라 중간고사 기간이 시작된 지난 19일부터 모든 강의를 대면 방식으로 전환했다. 학생들은 거리..., 2020.10.24 , 연합뉴스 
283,"대학들 대면수업 재개하자 학생·학부모 반발..""집단 감염 우려""",전면 비대면수업을 진행해왔던 여주대학교는 사회적 거리 두기가 하향됨에 따라 중간고사 기간이 시작된 지난 19일부터 모든 강의를 대면 방식으로 전환했습니다. 학생들은...,,
284,"중원대, 간식나눔 소통 이벤트 '총장님이 떴다!' 진행",중원대학교가 지난 21일 중간고사 기간을 맞아 간식나눔 소통 이벤트 '총장님이 떴다!'를 실시했다. 이번 행사는 코로나19 장기화와 시험공부로 지친 학생들을 격려하기..., 2020.10.22 , 머니투데이 
285,코로나19로 중간고사 선택 다양..중학교 다수는 '패스',기자 = 충북지역 학교들이 신종 코로나바이러스 감염증(코로나19) 장기화에 아예 중간고사를 치르지 않는 등 예년과 다른 모습이다. 22일 충북도교육청에 따르면 도내..., 2020.06.22 , 뉴시스 
286,"'과목 축소, 시험시간 분리' 코로나로 달라진 중·고 중간고사 풍경",기자 = 신종 코로나바이러스 감염증(코로나19) 여파로 충북지역 중·고등학교 중간고사 풍경이 달라졌다. 22일 도교육청에 따르면 코로나19로 도내 많은 학교가 학년별 고사..., 2020.06.22 , 뉴스1 
287,"'확진' 대치동 학원강사, 증상 뒤 5일간 수업..개인과외도","그전까지 일단 이틀…] 한 외국어고등학교의 경우 학생 33명이 접촉자로 분류돼 중간고사 일정을 조정했습니다. 검사 결과 모두 음성이었지만, 불안감은 가시지 않고...", 2020.10.20 , JTBC 
288,"인천·부천 학교 3곳, 확진 학생 등교수업에도 추가 감염 '0'","차례 더 등교를 한 사실이 역학조사에서 확인됐다. C군이 등교한 지난 12∼16일은 중간고사 기간이라 접촉을 최소화 할 수 있었지만, 정상 수업이 진행된 19일의 경우 오후...", 2020.10.24 , 연합뉴스 
289,"[속보] 신규확진자 121명, 국내 지역발생 100명대 다시 올라서",밝혔다. 사회적 거리두기 1단계 완화 조치가 시행된 지 약 열흘가량이 지난 21일 중간고사 철을 맞이한 서울 시내의 한 캠퍼스가 한산하다. 해당 대학교 관계자는 코로나19..., 2020.10.22 , 헤럴드경제 
290,비상경계열 전공자의 삼일회계법인 합격수기,"경제학, 원가회계 수업이 도움이 많이 되었습니다. 좋은 학점을 받고 싶어 중간고사, 기말고사 공부를 열심히 하였고 자동적으로 중급회계(1), 경제학 복습 1회독을 하게...", 2020.10.29 , 조세일보 
291,확진자 속출 대전 지역 대학들 현행 수업방식 유지키로,"이하로 대면수업을 이어왔다. 다만 대학원 수업은 모두 대면으로 실시하기로 했다. 중간고사는 교수 재량으로 대면·비대면을 선택할 수 있게 했고, A등급을 50%까지 늘려...", 2020.10.14 , 뉴스1 
292,"고1입니다, 중간고사 끝나도 좋지가 않아요",오마이뉴스에 오면 뉴스가 됩니다. 당신의 이야기를 들려주세요.】 드디어 중간고사가 끝났다. 혹시 벚꽃의 꽃말이 무엇인지 아는가? 바로 중간고사이다. 중간고사 기간에..., 2020.06.22 , 오마이뉴스 
293,"목원대, 학생 비교과 과정 자발 참여 '역량강화주간' 운영",30일까지 운영한다. 22일 대학에 따르면 이는 올해 처음 도입한 프로그램으로 중간고사 종료 직후 한 주 동안 대학이 학생들의 자율활동 등을 지원한다. 학생들에게 배움의..., 2020.10.22 , 뉴시스 
294,"""중간고사 시험지 유출한 외고 교사 파면 적법""",서울행정법원 전경. /서울경제DB [서울경제] 중간고사 시험지를 외부로 유출해 파면된 외국어고 교사가 파면 처분을 취소해달라며 소송을 제기했지만 패소했다. 29일 법조계..., 2020.06.29 , 서울경제 
295,"강남구 학원강사 2만 명 오늘부터 진단 검사..""대형·입시학원부터""",나왔습니다. 강사에게 수업받은 학생들이 다니는 한 외국어고등학교는 치르던 중간고사도 취소하고 어제 하루 등교를 전면 중단하기도 했습니다. 구청은 앞서 다른 집단감염..., 2020.10.21 , YTN 
296,"목원대, 역량강화주간 운영..""역량도 키우고 장학금도 받자""",을 26일부터 30일까지 운영한다고 22일 밝혔다. 올해 처음 도입한 역량강화주간은 중간고사 종료 직후 한 주 동안 대학이 학생의 자율 활동 등을 지원하는 것이다. 학생에게..., 2020.10.22 , 뉴스1 
297,사회적 거리두기 1단계 완화에도 여전히 썰렁한 대학캠퍼스,기자 = 사회적 거리두기 1단계 완화 조치가 시행된 지 약 열흘가량이 지난 21일 중간고사 철을 맞이한 서울 시내의 한 캠퍼스가 한산하다. 해당 대학교 관계자는 코로나19..., 2020.10.21 , 연합뉴스 
298,사회적 거리두기 1단계 완화에도 여전히 썰렁한 대학캠퍼스,기자 = 사회적 거리두기 1단계 완화 조치가 시행된 지 약 열흘가량이 지난 21일 중간고사 철을 맞이한 서울 시내의 한 캠퍼스가 한산하다. 해당 대학교 관계자는 코로나19..., 2020.10.21 , 연합뉴스 
299,사회적 거리두기 1단계 완화에도 여전히 썰렁한 대학캠퍼스,기자 = 사회적 거리두기 1단계 완화 조치가 시행된 지 약 열흘가량이 지난 21일 중간고사 철을 맞이한 서울 시내의 한 캠퍼스가 한산하다. 해당 대학교 관계자는 코로나19..., 2020.10.21 , 연합뉴스 
300,사회적 거리두기 1단계 완화에도 여전히 썰렁한 대학캠퍼스,기자 = 사회적 거리두기 1단계 완화 조치가 시행된 지 약 열흘가량이 지난 21일 중간고사 철을 맞이한 서울 시내의 한 캠퍼스가 한산하다. 해당 대학교 관계자는 코로나19..., 2020.10.21 , 연합뉴스 
301,코로나19 신규 확진자 121명..일주일만에 세 자릿수,사회적 거리두기 1단계 완화 조치가 시행된 지 약 열흘가량이 지난 지난 21일 중간고사 철을 맞이한 서울 시내의 한 캠퍼스가 한산하다. 연합뉴스 22일 코로나19 신규..., 2020.10.22 , 한겨레 
302,수능 앞두고 잇단 확진..고교·학원가 방역 비상,들어갔습니다. 강사에게 수업받은 학생들이 다니는 외국어고등학교는 치르던 중간고사도 취소하고 하루 동안 등교를 전면 중단했습니다. [○○학원 관계자 : 저희 전임 외고..., 2020.10.20 , YTN 
303,"대치필PIL학원, 예원학교·선화예중 신입생 미니 설명회 진행",상황을 겪고 있다. 예원학교나 선화예중은 일반 중학교와 달리 1학년부터 중간고사와 기말고사를 치른다. 입학 후 바로 학생들의 성취도가 나타나 준비가 부족한 학생의..., 2020.10.20 , 서울경제 
304,"[전태일 열사 50주기 연속기획 ① 전태일과 나, 청년활동가] “노...","좌담회를 고사할까도 고민했죠.대학교 때 사회복지학을 공부했는데, 공부가 좋아서 대학원에 갔어요. 지금 생각해 보면 주변 친구들이 취직하는 것 힘들어하는 모습을 보고...", 2시간전 , 매일노동뉴스 
305,수능 앞두고 잇단 확진..고교·학원가 방역 비상,들어갔습니다. 강사에게 수업받은 학생들이 다니는 외국어고등학교는 치르던 중간고사도 취소하고 하루 동안 등교를 전면 중단했습니다. [○○학원 관계자 : 저희 전임 외고..., 2020.10.20 , YTN 
306,갓 등교했는데 중간고사에 모평..고교생 이어지는 '시험지옥',따르면 대입을 위해 내신 성적이 중요한 고교생은 짧아진 1학기 학사 기간에도 중간·기말고사를 모두 보면서 이미 시험에 돌입했다. 서울 지역 고등학교 1∼3학년 중간고사..., 2020.06.13 , 연합뉴스 
307,"중등 중간고사 미시행 대비, 족보닷컴 족보중간고사 개최..사전접...","통해서 자신의 학업 성취 정도를 확인할 수 있는 좋은 대안이 되어줄 것이다""고 말한다. '족보중간고사' 사전 등록 기간은 22일까지 진행되며, 답안 등록은 6월30...", 2020.06.12 , 디지털타임스 
308,"[창간기획] ⑧지능정보시대 핵심인 수학! ""수포자부터 줄이자""",반복 확대 심화하는 그 흔한 나선형 교육과정이 아니다. 게다가 여러 반의 중간고사 기말고사 범위를 서로 맞추려면 교사들은 진도빼기식 수업을 하지 않을 수 없다. 알뜰히..., 2020.10.31 , 에듀인뉴스 
309,"교육부, 대학별고사 안전‧공정 ‘총력’…적극 지원 의지 피력",19라는 어려움을 딛고 수험생이 안전하게 대학별고사에 응시할 수 있는 평가환경을 조성...혼란 △대면‧비대면 강의 혼란 △중간‧기말시험 공정성 혼란 등 ‘혼란 삼중고..., 2020.10.30 , 한국대학신문 
310,[인터뷰] “다양한 사례 확보해 AI 품질 표준화 위한 객관적 모델...,19로 모든 수업이 온라인으로 이루어지고 있다. 얼마 전 우리 학생들을 대상으로 중간고사를 어떤 형태로 치를 것인가에 대해 설문조사를 한 적이 있다. 개인적으로는 학교..., 2020.11.01 , 아이티데일리 
311,고등학교 전교생 등교 첫날..오늘 중간고사 치러,"중2, 초등학교 3, 4학년 학생 178만 명의 등교가 시작되는 건데요. 등교 첫날에 중간고사를 치르는 학교도 있어서 현장에선 설렘과 긴장감이 교차하고 있습니다. 취재기자가...", 2020.06.03 , YTN 
312,"""취업 앞둔 고등학생인데요, 미등록이라 자격증 시험을 못봐요""","성적 안 좋은 과목은 수학. 언어계통은 다 좋아하고 잘해요. 이번 중간고사, 고교 들어서 첫 번째 중간고사인데. 국어과목을 전교 10등했어요. 어제 시험 끝나서 낮에는...",,
313,1·2·3학년 시험시간 제각각..코로나19 중간고사 풍경도 바꿔,"3교시 1학년, 점심시간과 방역 후 4∼5교시 2학년' [연합뉴스 자료사진] 22일 중간고사를 치르는 청주의 A고등학교 시험 시간표다. 신종 코로나바이러스 감염증(코로나19...", 2020.06.22 , 연합뉴스 
314,울산 중·고교 첫 중간고사 돌입..학교 방역 '긴장',호소하고 있다. 15일 울산시교육청에 따르면 지역 중학교 63곳과 고교 58곳이 중간고사를 시작했거나 대부분 이달 셋째·넷째 주에 시험을 치른다. 일부 학교는 다음 달 초..., 2020.06.15 , 뉴시스 
315,중간고사 한창인데 '등교중지' 학생 끊이지 않아..학교는 당혹,기자 (부산=뉴스1) 조아현 기자 = 전 학년 등교수업이 시작된 이후 부산지역에서 중간고사가 한창 진행중인 가운데 신종 코로나바이러스 감염증(코로나19) 의심 증상으로..., 2020.06.12 , 뉴스1 
316,고등학교 전교생 등교 첫날..고1 중간고사 곧 시작,"4학년 학생 178만 명이 추가로 등교한 날인데요. 고등학교의 경우, 등교 첫날부터 중간고사를 치르는 곳도 있어서 현장은 설렘과 긴장감이 교차하고 있습니다. 취재기자가...", 2020.06.03 , YTN 
317,"""독감 백신 무서워서 못 맞겠다"" 시민 불안 고조",는 “고2 딸의 독감백신 접종을 당초 9월말 하려다가 상온노출 백신 때문에 일시 중단돼 중간고사가 끝나는 이번 주말 계획하고 있었다”라며 “하지만 이런 사고가 발생..., 2020.10.22 , 뉴스1 
318,"고교생 중간고사 끝나면 바로 모의평가..""등교해서 공정하게""",있다. 5일 교육부와 시도교육청에 따르면 이번주부터 전국 고등학교가 줄줄이 중간고사에 돌입한다. 한국교육과정평가원에서 주관하는 2021학년도 대학수학능력시험(수능..., 2020.06.07 , 머니투데이 
319,독감백신 사망자 2명 발생 대전지역 병·의원 창구 '썰렁',학생이 예상보다 많지 않다고 설명했다. B의원 관계자는 “대부분의 중·고생들이 중간고사를 치르고 있어 주말에 접종을 위해 많이 방문할 것으로 보고 있다”며 “무료..., 2020.10.22 , 뉴스1 
320,부산대 교내서 재학생 추락으로 사망.. 경찰 수사 중,건설관은 2010년 준공된 10층 높이의 건물이다. 부산대는 지난 19일부터 2학기 중간고사 시험 기간이라 건물 안팎에 적지 않은 학생들이 오가고 있었던 것으로 전해졌다..., 2020.10.21 , 쿠키뉴스 
321,"메가스터디교육 엠베스트 ""1학기 기말 평균 95점 이상 5,202명"" ...","질문하는 것도 물론 가능하다. 한편, 중등인강 엠베스트에서는 2학기 중간고사는 물론 기말고사까지 안정적으로 준비할 수 있도록 '기말 내신 진도강좌'를 오픈했다. 또한...", 2020.10.16 , 서울경제 
322,학교 생활 코로나 위기? 기회로!,시험이 쉽게 출제된다. 우리 학교는 학생들이 거의 등교수업을 하지 못했던 1학기 중간 고사 때 난이도가 매우 낮아 부담이 적었다. 온라인 수업의 가장 좋은 점은 코로나19..., 2020.10.30 , 광주드림 
323,10층짜리 부산대 건설관서 재학생 떨어져 숨져..경찰 수사 중,B 씨가 A 씨를 목격하고 112에 신고했다. 지난 19일부터 오는 24일까지는 2학기 중간고사 시험 기간이라 건물 안팎에 적지 않은 학생들이 오가는 상황이었다. 부산대..., 2020.10.20 , 동아일보 
324,"진세연, 동그란 안경 쓰고 '청순 요정 미모'","진세연이 청순 요정 미모를 뽐냈다. 진세연은 16일 자신의 인스타그램에 ""이제 곧 중간고사 시작""이라는 글과 함께 한 장의 셀카를 게재했다. 공개된 사진 속 진세연은 중간...", 2020.10.16 , 스타투데이 
325,"'공부 방송' 하며 스스로 다잡고.. ""함께 힘내요"" 응원하며 힘 얻고","중계하거나 녹화 영상으로 올리고 있다. 이들 대부분은 20, 30대 취준생이다. 중간·기말고사나 자격증 시험을 준비하는 고교생과 대학생들도 일부 있다. 많은 구독자를...", 2020.10.31 , 동아일보 
326,아신대 제10차 ACTS신학포럼 개최,교수와 학생이 함께 연구하여 논문을 발표하고 토론하는 학술세미나로 매학기 중간고사 기간에 열리며 올해로 10회째를 맞이하고 있다. ACTS가 펼치고 있는 “ACTS 신학..., 2020.10.31 , 크리스챤월드리뷰 
327,부산대 건설관서 20대 대학생 추락사..경찰 수사,준공된 10층 높이 건물이다. 부산대는 지난 19일부터 오는 24일까지 2학기 중간고사 시험기간이어서 사건 당시 건물 안팎에 적지 않은 학생들이 오가는 상황이었다. 경찰은..., 2020.10.20 , 한국경제 
328,부산대 건설관서 재학생 추락해 사망.. 경찰 수사 중,떨어져 있었다”고 진술한 것으로 전해졌다. 부산대는 전날부터 24일까지 2학기 중간고사 시험 기간이라 당시 건물 내부와 바깥에 학생들이 많았던 것으로 알려졌다. 경찰은..., 2020.10.20 , 세계일보 
329,부산대 건설관 7층서 재학생 떨어져 숨져,있는 것을 발견하고 신고했다. 건설관 7층 휴게실에서는 A씨의 가방이 발견됐다. 중간고사시험 기간이라 적지 않은 학생들이 건설관에 머물렀던 것으로 전해졌다. 경찰은..., 2020.10.20 , 뉴스1 
330,"부산대 건설관서 학생 추락해 숨져.. 경찰 ""조사 중""",건설관 7층 휴게실에서는 A씨의 가방이 발견된 것으로 알려졌다. 사고 당시가 중간고사 기간이었기에 많은 학생들이 해당 건물을 오갔던 것으로 알려졌다. 경찰은 목격자..., 2020.10.20 , 머니S 
331,"F학점만 40명… 교수가 ""수강생 전부 결석 처리하라"" 지시한 레전...","중간고사가 끝나자마자 한 강의에 40명 넘게 ‘F 학점’을 받은 레전설 사례가 알려지면서 국내 누리꾼 사이에서 화제가 되고 있다. 최근 에펨코리아, 루리웹, 더쿠, 보배...", 2020.10.30 , 위키트리 
332,"고신대 유아교육과, 동극 ‘도깨비 감투’ 자동차 극장서 상영 재...",고 소감을 말했다. 하연희 지도교수는 “영유아와 가족들의 육아지원을 위해 중간고사 기간에도 시간을 내어 기꺼이 자동차 극장 활동에 참여해 동래구의 육아 정책실현에..., 2020.10.29 , 국제신문 
333,전국서 독감 접종 사망 22건..'백신 포비아' 확산(종합),"고2 딸의 독감백신 접종을 당초 9월말 하려다가 상온노출 백신 때문에 일시 중단돼 중간고사가 끝나는 이번 주말 계획하고 있었다""라며 ""하지만 이런 사고가 발생하면...", 2020.10.22 , 뉴스1 
334,부산대 재학생 학교 건물서 추락사..경찰 원인 조사 중,건설관은 지난 2010년에 준공된 10층 높이 건물로 19일부터 오는 24일까지 2학기 중간고사 시험기간이어서 당시 건물 안팎에는 적지 않은 학생들이 오가는 상황이었다...,,
335,"분리, 축소, 비실시..코로나19가 바꾼 학교 중간고사 풍경",(사진=자료사진) 코로나19가 충북도내 중·고등학교의 중간고사 풍경도 크게 바꿔놓았다. 22일 도교육청에 따르면 도내 상당수 중·고교가 학년별 고사시간을 분리하거나..., 2020.06.22 , 노컷뉴스 
336,"""중간고사 대신 수행평가"" 서울 중학교 방침에 학부모들 불만",교사들이 중3 딸을 키우는 김모(50‧서울 강서구)씨는 최근 아이 학교에서 중간고사를 수행평가로 대체한다는 얘기를 듣고 머릿속이 복잡해졌다. 신종 코로나바이러스..., 2020.06.10 , 중앙일보 
337,"군산대, 시험기간 정성 담은 아침밥 1000원에 판매",생활을 지원하기 위한 '따뜻한 천원의 아침밥' 행사를 진행한다. 이 행사는 2학기 중간고사 기간인 20~26일까지로 주말을 제외한 5일 동안 진행될 예정이다. 첫날인 20일..., 2020.10.20 , 뉴시스 
338,"광주 33번 확진자 관련 격리 고교생, 중간고사 기말시험으로 인정",검취 채취 (사진=자료 사진) 광주 33번 확진자와 관련된 광주 고교생들에 대해 중간고사를 못 치르면 7월 중 기말시험으로 대체해 인정하기로 했다. 광주시교육청은 코로나..., 2020.06.22 , 노컷뉴스 
339,고등학교 전교생 등교 첫날..중간고사 진행 중,"중2, 초등학교 3, 4학년 학생 178만 명이 추가로 등교한 날입니다. 등교 첫날부터 중간고사를 치르는 학교도 있어서 현장은 설렘과 긴장감이 교차하고 있습니다. 취재기자가...", 2020.06.03 , YTN 
340,독감 접종 사망 27명 잠정 집계..전국 '백신 포비아' 확산(종합2보),"고2 딸의 독감백신 접종을 당초 9월말 하려다가 상온노출 백신 때문에 일시 중단돼 중간고사가 끝나는 이번 주말 계획하고 있었다""라며 ""하지만 이런 사고가 발생하면...", 2020.10.22 , 뉴스1 
341,"대치동 수학학원 프리미어, 성적 반전 위한 ‘나만의 내신대비’ ...","학습공백에, 교과학습이 부족할까 걱정하는 학생 및 학부모들이 많다. 특히나 중간고사가 생략되면서 예년에 비해 시험 범위가 더욱 많아진 중등부, 지필고사 일정이 연기...", 2020.10.28 , 아이티비즈 
342,부산대 치전원에 ‘AI 시험감독관’ 등장,"지능 감독관 기술, 시험환경 모니터링 기술 UBT REC를 이용해 지난 23일 3개 과목 중간고사를 무인-인공지능 감독관 환경으로 치렀다고 밝혔다. 부산대 치전원은 지난 3년...", 2020.10.29 , 덴탈투데이 
343,"강원외고 3학년생, 중간고사 시험지 유출 시도 의혹","KBS 춘천]강원외국어고등학교 3학년 학생이 이달 19일 새벽, 교무실에 몰래 들어가 중간고사 시험지를 유출하려 했다는 의혹이 제기돼, 강원도교육청이 내일(30일) 학교를...", 2020.06.29 , KBS 
344,"한달 남은 수능, 수험생 수면 관리부터 심리 안정까지",먹던 게 아니라면 신경안정제나 보약도 조심하는 것이 좋다. ▲장시간의 수능 고사시간 중간 중간마다 가벼운 스트레칭 운동을 한다. 긴 시간 동안 같은 자세로 시험을..., 2020.10.29 , 뉴시스 
345,언택트 '중간고사'..양심에 맡겼지만 부정행위 잇따라,시험으로 대체하기엔 부정행위를 막을 방법이 마땅치 않기 때문입니다. 실제로 중간고사를 온라인으로 치른 일부 대학에선 부정행위가 잇따라 적발되고 있습니다. 인하..., 2020.06.03 , KBS 
346,"군산대, 시험 기간 동안 정성 깃든 아침 식사 챙겨줍니다","지원하기 위한 “따뜻한 천원의 아침밥” 행사를 진행하고 있다. 이 행사는 2학기 중간고사 기간인 20일부터 26일까지, 주말을 제외한 5일 동안 진행된다. 첫날인 20일에는...", 2020.10.20 , 프레시안 
347,"""수능 코앞인데""..맹모동네 대치동 '강사 전수검사' 뒤숭숭",강사는 특수목적고 학생들이 다니는 곳에서 강의했다. 비상 걸린 해당 고교들은 중간고사 일정도 미뤘다. 이 학원 다른 건물에선 강의가 계속 진행되고 있다. 다만 학생들은..., 2020.10.21 , 뉴스1 
348,족보닷컴 '족보중간고사' 사전접수 무료 이벤트에 압도적 호응,"는 코로나19바이러스로 개학 일정 변경, 온라인 개학 등 학사일정의 변경으로 중간고사 시험이 없어진 중학생들의 학업 불안감을 해소하기 위해 족보닷컴이 제공하는 서비스...", 2020.06.17 , 뉴스1 
349,"대전대 총학생회, 재학생 위한 마스크 및 손소독제 배부",[대전·세종·충남·충북 / 중도일보 - 박수영 기자] 대전대 총학생회가 중간고사 기간을 맞아 재학생들을 위한 마스크 및 손소독제 배부행사를 개최했다. 코로나19 사태에..., 2020.10.25 , 중도일보 
350,"세계를 향한 문화 발신지, 계원예술대학교","다양한 전공이 섞여 있어 획일적으로 정해진 규칙들이 많지만, 계원예대는 중간고사와 기말고사가 거의 없다. 대신 학생들의 작품 활동을 비평하고, 피드백을 진행하는 수업...", 2020.10.29 , 대학저널 
351,"전남대, 온라인 시험·강의·회의 등 교육혁신 '앞장'",있다고 20일 밝혔다. 전남대는 비대면 시험 플랫폼 1차 버전을 개발해 2학기 중간고사 기간인 19일부터 31일까지 시범 시행에 들어갔다. 비대면 시험 플랫폼은 비대면 시험..., 2020.10.20 , 전자신문 
352,[창원문성대학교] 코로나19 예방 생활방역 수칙 지키기 UCC 공모전,"8호관 앞에서 재학생들을 위한 사랑의 간식차를 운영했다. 대학일자리센터는 중간고사 준비에 한창인 재학생들에게 소떡소떡, 뉴욕핫도그 등의 메뉴로 총 1000인분의 간식을...", 2020.10.20 , 쿠키뉴스 
353,"중간고사 시험지 유출한 외고교사.. 법원 ""파면 정당""",[헤럴드경제=서영상 기자] 중간고사 영어시험지를 학원에 유출했다가 파면당한 고등학교 교사가 처분에 불복하는 소송을 냈지만 패소했다. 서울행정법원 5부(부장 박양준)는..., 2020.06.29 , 헤럴드경제 
354,"중학교 전국랭킹 확인! 족보닷컴 중간고사 실시, 사전예약자 100%...","풀 수 있기 때문에 학교별, 학년별 맞춤 시험이 가능하다. 오는 23일 오픈 할 ‘족보중간고사’ 서비스 자체는 유료로 제공된다. 허나 22일까지 사전 접수 응모자들에 한해...", 2020.06.13 , 경향신문 
355,"고신대학교 유아교육과, 비대면 자동차 극장 인형극 재능 기부",고 소감을 말했다. 하연희 지도교수는 “영유아와 가정들의 육아지원을 위해 중간고사 기간에도 열심을 내어 기꺼이 자동차 극장 활동에 참여해 동래구의 육아 정책실현에..., 2020.10.28 , 부산일보 
356,군산대 '대학일자리센터 및 청년고용정책 야외홍보 행사' 개최,"적극 알려 참여도와 만족도를 더욱 높일 수 있는 좋은 기회다""라고 말했다. 행사는 중간고사 기간에 맞물려 진행되면서, 시험을 위해 학교를 방문하는 학생들이 적극 참여했다.", 2020.10.28 , 베리타스알파 
357,"데이식스 영케이, '내리겠습니다 지구에서' 카메오 등장..학생들 ...","않은 것과 지우(김지우)의 존재를 계속 신경쓰여했다. 그러다 지우가 반에서 중간고사 1등을 하게 됐고, 한결은 충격에 빠졌다. 지우는 한결에게 “너 다 정해진 것처럼...", 2020.10.16 , OSEN 
358,"이화여대, '든든한 이화사랑' 행사 개최",(서울=연합뉴스) 이화여자대학교가 19일 중간고사 시험 기간 동안 재학생들에게 간식을 제공하는 '든든한 이화사랑' 프로그램을 진행하고 있다. 2020.10.19 [이화여자대학교..., 2020.10.19 , 연합뉴스 
359,"이화여대, '든든한 이화사랑' 행사 개최",(서울=연합뉴스) 이화여자대학교가 19일 중간고사 시험 기간 동안 재학생들에게 간식을 제공하는 '든든한 이화사랑' 프로그램을 진행하고 있다. 2020.10.19 [이화여자대학교..., 2020.10.19 , 연합뉴스 
360,[군산대] ‘대학일자리센터 및 청년고용정책 야외홍보 행사’,"적극 알려 참여도와 만족도를 더욱 높일 수 있는 좋은 기회"" 라고 밝혔다.행사는 중간고사 기간에 맞물려 진행되면서, 시험을 위해 학교를 방문하는 학생들이 적극 참여했다.", 2020.10.28 , 투데이안 
361,군산 상가서 큰 불..고시원 주인 기지로 34명 목숨 구해,"고 투숙객 대피를 유도했다. 평소였으면 모두가 잠든 시각이었지만, 이날은 대학교 중간고사 기간이어서 투숙객 대부분은 새벽까지 시험을 준비하고 있었다. 윤씨 부부의...", 2020.10.19 , 한국경제 
362,"'아내의 맛' 정준호♥이하정, 새 집 공개..정동원 형제 방구석 무...","있었고, 정동원은 중학교 교복을 보여주었다. 정동원 아버지는 정동원에게 ""중간고사 보지 않았냐""라며 성적표를 물어봤고, 정동원은 모른 척했다. 이어 가족들은 함께...", 2020.10.20 , 엑스포츠뉴스 
363,대학가 온라인 중간고사 부정행위 또 적발,[스포츠경향] 코로나19 확산 방지를 위해 온라인으로 중간고사를 치른 건국대의 한 단과대 강의에서 일부 학생들이 부정행위를 저지른 것으로 드러났다. 3일 건국대에...,,
364,거리두기 1단계 완화에도 학원가는 등록 주춤,"명 밖에 안 되는 상황""이라며 ""다행히 사회적 거리두기가 1단계로 내려갔고 중간고사와 기말고사가 끝난 방학 시즌이 되면 등록이 늘어나지 않을까 전망하고 있다""고 말했다...", 2020.10.25 , 대전일보 
365,"'아내의 맛' 정준호♥이하정, NEW 보금자리 최초 공개→ 문정원, ...","이야기를 나눴다. 정동원의 아버지는 정동원에게 학교 생활은 어떤가 물어보며, ""중간고사 안 봤냐. 성적표가 안 오던데""라고 말하자 정동원은 웃음으로 무마했다. 식사 후...", 2020.10.21 , MBC연예 
366,"""어서 대피하세요!!"" 화재에 34명 대피시킨 건물주","등 침착함을 잃지 않았다. 평소였으면 모두가 잠든 시각이었지만, 다행히 대학교 중간고사 기간이어서 투숙객 대부분은 이날 새벽까지 시험을 준비하고 있었다. 윤씨 부부의...", 2020.10.19 , 서울경제 
367,[차현진의 융통무애(融通無碍)] 가만히만 있으면 중간도 못 간다,대단히 원시적이다. “가만히만 있으면 중간은 간다”는 생각이 지배하는 사회는 발전할...받다가 결국 부서진다(鐸以聲自毁)”는 고사성어가 엉뚱하게 변질된 것으로..., 2020.10.26 , 한국일보 
368,동성쌤 만점 영어내신 위한 예비고1 영어학습법 공개,강조했다. 중학교 때 영어 과목 A등급을 받은 학생들도 고등학교에 입학하면 1학기 중간고사부터 당황하는 경우가 많다. 주관식을 제외한 객관식 문제는 대부분 수능 유형과..., 2020.10.29 , 아시아타임즈 
369,"대학, 대면수업 여전히 NO… “수백만원 등록금 아깝죠”",알았다. 이젠 집에서 수업을 듣는 것이 익숙하다”며 “수업은 비대면인데 며칠 전 중간고사는 대면으로 진행됐다. 대면 시험이 가능하면 수업도 가능하다고 생각한다”고..., 2020.10.28 , 경북도민일보 
370,코로나·독감 '트윈 데믹' 우려..독감백신 접종 필요해,"생각을 하고요. 일종의 찐 보스고요, 최종 보스고요. 그리고 백신 같은 경우에는 모의고사에요. 찐 보스를 해치우러 가기 전에 거쳐야 되는 것들. ◇김성광> 중간단계에...", 2020.11.06 , 노컷뉴스 
371,서강대도 온라인 중간고사 집단 부정행위,[EBS 정오뉴스] 서강대 일부 학생들이 온라인으로 치른 중간고사에서 부정행위를 저지른 사실이 드러났습니다. 서강대는 지난달 수학과 강의 중간고사에서 일부 학생들이..., 2020.06.03 , EBS 
372,"""불이야, 얼른 나가요"".. 노부부 다급한 외침, 34명 구했다","넘는 투숙객이 있었다. 평소 같았으면 모두 잠들었을 시각이나, 마침 근처 대학교 중간고사 기간이라서 그런지 투숙객의 대부분인 학생들은 새벽까지도 열심히 시험 공부를...", 2020.10.19 , 세계일보 
373,"서울 중학생, 1학기 중간고사 안보고 기말고사만",수업 방안 후속 대책'을 발표했다. 서울시교육청은 관내 모든 중학교에 이번 학기 중간고사를 생략할 것을 권고했다. 중학교 지필평가 성적이 고교 입시에 결정적 영향이...,,
374,경기지역 고교 10일부터 중간고사..첫 내신평가 앞두고 '긴장',"감염증(코로나19)으로 늦춰진 경기지역 고등학교의 올해 첫 내신 지필평가(중간고사)가 10일을 전후로 일제히 시작된다. 고3학년의 경우 등교 3주만에, 고1학년은 등교 1...", 2020.06.07 , 연합뉴스 
375,"중간고사 시험지 유출 교사 파면은 정당..""근본적인 윤리 의무 저...",세계일보 자료사진 중간고사 영어시험지를 외부로 유출한 고등학교 교사를 파면한 학교 결정은 정당하다는 법원 판결이 나왔다. 29일 법조계에 따르면 서울행정법원 행정5부..., 2020.06.29 , 세계일보 
376,새벽 상가 건물 화재..고시원 주인이 대형 참사 막았다,"고 투숙객 대피를 유도했다. 평소였으면 모두가 잠든 시각이었지만, 이날은 대학교 중간고사 기간이어서 투숙객 대부분은 새벽까지 시험을 준비하고 있었다. 윤씨 부부의...", 2020.10.19 , 연합뉴스 
377,"""반갑다 친구야"".. 모처럼 제 모습 찾아가는 광주·전남 대학가",물티슈를 나누어 주고 방역수칙 준수를 홍보하는 기획 행사를 벌였다. 조선대 역시 중간고사 기간이 끝나는 오는 27일부터 단계적으로 대면 수업을 넓혀갈 계획이다. 2학기..., 2020.10.15 , 국민일보 
378,권기자가 만난 사람 제8편 [고병수 탑동365병원 원장],"학생운동을 하며, 5공화국 시절 데모도 많이 하며 유급도 1년 동안 했다(당시 중간 기말 고사 시험장을 못 찾아갈 정도로 학생운동에 심취). 독일식 의료시스템이 중요...", 2020.11.04 , 내외뉴스통신 
379,"서일대, 수시1차 실기·면접고사 위한 방역대비 '총력'","보관할 수 있는 비닐백과 손소독제 및 1회용 장갑 등 위생물품을 제공하고, 중간타임·고사 종료후에 철저한 소독·방역을 통해 코로나19를 대비한다. 이외에도 고사 도중...", 2020.09.28 , 머니투데이 
380,관객 감소에도 '기기괴괴 성형수' 10만 돌파 목전 '눈길',"것에서 알 수 있듯 실속이 없었다. 주말 관객이 14만에 불과했는데, 이는 학생들의 중간고사 기간이 겹치면서 극장을 찾은 관객 수가 감소했음을 나타냈다. 12일부터 18일...", 2020.10.19 , 오마이뉴스 
381,'디펜딩 챔피언' 부산대학교의 돋보이는 시즌 준비,"좀 더 보탬이 됐으면 하는 마음을 숨기지 않았다. 비록, 시즌이 대회로 열리지만, 중간고사가 끝나는 기간인 만큼, 학생들을 비롯한 많은 이들이 경기를 시청하게 하기 위한...", 2020.10.20 , 바스켓코리아 
382,서강대도 온라인 중간고사 부정행위 발각..전원 무효 처리,서강대학교에서도 온라인 방식으로 치러진 중간고사 시험에서 일부 학생이 부정행위를 저지르다 발각돼 시험이 무효 처리됐다. 서강대학교. 연합뉴스 2일 서강대에 따르면..., 2020.06.02 , 중앙일보 
383,“학교 믿을 수 없어요”…학교폭력 처리 ‘불만’,불쌍하잖아요. 그 과목의 시험범위는 많고 공부 수준도 쉽지 않다. 부당하게 중간·기말고사에서 (100점)백백 받고 다른 과목 공부를 해서 등급을 올렸다고 생각하면 저는..., 2020.11.04 , 데일리모닝 
384,"'내 꿈은 라이언' 김희철, 마스코트 결과발표 반응에 ""사람이었으...","치열해지는 마스코트들의 경쟁에 팬들의 관심이 집중되고 있는 가운데, 대망의 첫 중간고사 무대와 시청자 입덕 투표 결과에 따른 탈락자가 오늘(9일) 오후 5시 10...", 2020.10.09 , 뉴스엔 
385,부산 전교생 등교수업 학교 618곳 중 170곳..지역감염 추이따라 확대,"확대하기로 내부에서 결정했다""고 설명했다. 그러면서 ""중학교와 고등학교의 경우 중간고사 시험을 쳐야하기 때문에 학부모도 학생도 등교수업을 원하는 경우가 많고 학교도...", 2020.10.19 , 뉴스1 
386,"자치분권대학 화성캠퍼스, 30일까지 수강생 모집","행정복지센터를 방문하거나 이메일, 팩스로 하면 된다. 교육 수료는 온라인 중간고사와 기말고사를 통해 60점 이상을 획득해야 한다. 송문호 자치행정과장은 “정치와 경제...", 2020.10.15 , 머니S 
387,"자치분권대학 화성캠퍼스, 수강생 모집","행정복지센터를 방문하거나 이메일, 팩스로 하면 된다. 교육 수료는 온라인 중간고사와 기말고사를 통해 60점 이상을 획득해야 한다. 송문호 자치행정과장은 “정치와 경제...", 2020.10.15 , 헤럴드경제 
388,"전체 등교 첫 날 ""함께 공부하게 돼 기뻐""","돼 기쁘다"" 19일 오전 8시께 광주 남구 주월동 모 여자고등학교 교문 앞. 이날 중간고사를 앞둔 학생들은 오답정리 노트를 공유하며 등교했다. 빵과 우유 등 아침거리를...", 2020.10.19 , 뉴시스 
389,광주·전남 대학 활기..코로나 주춤 대면수업 확대,물티슈를 나누어 주고 방역수칙 준수를 홍보하는 기획 행사를 벌였다. 조선대 역시 중간고사 기간이 끝나는 오는 27일부터 단계적으로 대면 수업을 넓혀갈 계획이다. 2학기..., 2020.10.14 , 국민일보 
390,"[코로나19 언택트인간(3)] 대학은 A학점 40%로 배려하고, 학생들...",공부를 안하고도 높은 점수를 받을 수 있었다” 그는 “생각해보니 이번 학기 중간고사 때도 이랬던 경우가 있었다”며 “교수님이 학생들의 비슷하게 써낸 답안지를 보더니..., 2020.10.29 , 뉴스투데이 
391,"대전대 총학생회, 재학생 위한 마스크 및 손소독제 배부",대전대학교 총학생회가 중간고사 기간을 맞아 재학생들을 위한 마스크 및 손소독제를 배부했다. 코로나19 사태에 따른 재학생들의 안전한 중간고사 시행이 주목적인 이번..., 2020.10.23 , 충청뉴스 
392,충북도내 중학교 대부분 중간고사 생략,［충북일보］ 충북도내 대부분의 중학교와 고등학교 34.5%가 1학기 중간고사를 생략한 것으로 나타났다. 충북도교육청에 따르면 코로나19 여파로 도내 중학교 2곳을 제외한..., 2020.06.22 , 충북일보 
393,"충북 교원·전문직·임용시험준비생 84.9% ""교원임용고사 개편 필요""","32.7%, 학생 37.4%만 찬성했다. '1차 지필고사가 최종 합격에 미치는 비중을 줄이고...발주했으며, 20일 오후 중간 보고회를 열었다. 충북교육청은 한국교원대 산학협력단...", 2020.10.20 , 뉴스1 
394,서강대에서도 '온라인 중간고사' 부정행위 적발,서강대 학생들이 온라인 수업 중간고사에서 부정행위를 저지른 사실이 드러났다. 이 대학 수학과 한 수업 온라인 중간고사에서 일부 학생들이 모여 답안 내용을 공유하면서..., 2020.06.02 , 국민일보 
395,또 대학가 온라인 중간고사 부정행위..이번에는 건국대,기자 = 신종 코로나바이러스 감염증(코로나19) 확산 방지를 위해 온라인으로 중간고사를 치른 건국대의 한 단과대 강의에서 일부 학생들이 부정행위를 저지른 것으로..., 2020.06.03 , 연합뉴스 
396,군산대학교 아침밥이 1천 원인 이유,"음료수를 포함한 질 좋은 샌드위치를 1,000원에 제공하고 있다.올해에도 2학기 중간고사 기간인 20일부터 26일까지, 주말을 제외한 5일 동안 아침밥을 제공하기로 했다.첫날...", 2020.10.20 , 전라일보 
397,건국대까지..대학가 온라인 중간고사 부정행위 잇따라 '비상',TV 김주리 기자] 신종 코로나바이러스 감염증(코로나19) 확산 방지를 위해 온라인으로 중간고사를 치른 건국대의 한 단과대 강의에서 일부 학생들이 부정행위를 저지른 것..., 2020.06.03 , 한국경제TV 
398,서강대도 온라인 중간고사 부정행위..시험 무효 처리,서강대학교 일부 학생들이 온라인 중간고사에서 부정행위를 저지른 사실이 드러났습니다. 서강대는 지난달 수학과 한 강의 중간고사에서 일부 학생들이 답안 내용을 공유..., 2020.06.03 , 연합뉴스TV 
399,"'거리두기 1단계' 인한 대면수업 전환..대학생 ""자취방 못 구해"" ...",비대면 원칙으로 결정했다”고 설명했다. 연세대 역시 온라인 평가 등으로 시행된 중간고사 이후에도 비대면 수업 기조를 유지하기로 결정했다. 고려대는 거리두기 단계..., 2020.10.19 , 헤럴드경제 
400,"부여군 청소년상담복지센터, 등교길 아침 빵과 따뜻한 음료 제공","위해 등교길 아침 빵과 따뜻한 음료를 제공하는 행사를 가졌다. 상담복지센터에서는 중간고사 기간을 맞은 청소년들이 학업 스트레스, 우울, 걱정, 무기력감 등에서 극복할...", 2020.10.26 , 뉴스충청인 
401,중학생 중간고사 없이 기말고사만..중등인강 엠베스트로 기말 내...,"변동됨에 따라 지난달 26일, 서울을 포함한 일부 지역에서 이번 1학기 중학생 중간고사를 치르지 않겠다는 발표가 있었다. 여기에 해당하는 중학생들은 중간고사를 건너뛰고...", 2020.06.03 , 경향신문 
402,대학가 또 온라인 중간고사 부정행위..이번엔 건국대,코로나19 확산 방지를 위해 온라인으로 중간고사를 치른 건국대의 한 단과대 강의에서 일부 학생들이 부정행위를 저지른 것으로 드러났습니다. 건국대는 한 교수가 지난 4월..., 2020.06.04 , 연합뉴스TV 
403,"반려동물에 대한 모든 것, 연암대학교 동물보호계열","자랑스러운 연암인 과정을 듣게 된다. 4주간 자신만의 커리어를 탐색하게 되며, 중간고사를 기점으로 18개 직업군 가운데 비슷한 직종으로의 진출을 희망하는 학생들로 팀을...", 2020.10.29 , 대학저널 
404,"PC방 가동률 강보합세, 탄력이 필요하다 [위클리]","필요하지만 마땅한 계기가 없는 상황이다. 이번 주부터는 전국 고등학교의 2학기 중간고사가 마무리될 것으로 예상되지만, 폭발적인 가동률 상승세는 기대하기 어려울 전망...", 2020.10.26 , 아이러브PC방 
405,"부여군, 1388 괜찮아 힘을 내 따뜻한 한잔 속에 담긴 마음","위해 등교길 아침 빵과 따뜻한 음료를 제공하는 행사를 가졌다. 상담복지센터에서는 중간고사 기간을 맞은 청소년들이 학업 스트레스, 우울, 걱정, 무기력감 등에서 극복할...", 2020.10.26 , 케이에스피뉴스 
406,"""당장 자취방 어떻게 구하냐""대학생들 '대면수업 날벼락'",비대면 원칙으로 결정했다”고 설명했다. 연세대 역시 온라인 평가 등으로 시행된 중간고사 이후에도 비대면 수업 기조를 유지하기로 결정했다. 고려대는 거리두기 단계...,,
407,서강대도 온라인 중간고사 부정행위..성적 무효 처리,인하대 의대생들이 온라인 중간고사에서 부정행위를 저질렀다는 소식이 알려진 데 이어 서강대 수학과 일부 학생들도 부정행위를 저지른 것으로 드러났습니다. 서강대에..., 2020.06.03 , SBS 
408,"1388 괜찮아, 힘을 내 따뜻한 한잔 속에 담긴 마음","위해 등교길 아침 빵과 따뜻한 음료를 제공하는 행사를 가졌다. 상담복지센터에서는 중간고사 기간을 맞은 청소년들이 학업 스트레스, 우울, 걱정, 무기력감 등에서 극복할...", 2020.10.26 , 중부뉴스통신 
409,'33번 확진자 여파' 광주 39개교 원격수업..중간고사도 연기,인해 광주지역 39개 학교가 22일부터 이틀간 등교 대신 원격수업에 들어갔다. 중간고사가 예정됐던 학교는 원격수업 이후로 학사일정이 연기됐다. 22일 광주시교육청에..., 2020.06.22 , 뉴스1 
410,"1388 괜찮아, 힘을 내 따뜻한 한잔 속에 담긴 마음","위해 등교길 아침 빵과 따뜻한 음료를 제공하는 행사를 가졌다. 상담복지센터에서는 중간고사 기간을 맞은 청소년들이 학업 스트레스, 우울, 걱정, 무기력감 등에서 극복할...", 2020.10.26 , 미디어투데이 
411,"진세연, 안경 써도 가려지지 않는 귀여움 '상큼함 물씬' [SNS★컷]","진세연이 SNS를 통해 근황을 공개했다. 진세연은 10월 16일 자신의 SNS에 ""이제 곧 중간고사 시이자악 #우리 모두 화이팅""라는 글과 함께 사진을 올렸다. 사진 속 진세연은...", 2020.10.16 , 뉴스엔 
412,"조희연 ""중학교 중간고사 미실시, 야간자율학습 금지""",등교 수업 운영 방안을 발표하고 있다. ⓒ 연합뉴스 서울시교육청이 올해 1학기 중간고사 미실시를 권고하고 중고교 야간자율학습을 금지키로 했다. 또한 고교 1학년 무상..., 2020.05.26 , 오마이뉴스 
413,서울 중학생 중간고사 미실시..강서·양천 일부 등교 연기,후속 대책을 내놨습니다. 대다수 서울 지역 중학생들은 교육청 권고로 이번 1학기 중간고사를 치르지 않게 될 전망입니다. 확진자가 나온 일부 지역의 등교수업은 다음달..., 2020.05.26 , 연합뉴스TV 
414,2학기도 비대면 시험인데…부정행위 방지 비상 걸린 대학가,불가피할 전망이다. 20일 대학가에 따르면 주요 대학들은 이번 주부터 일제히 중간고사 기간에 돌입했다. 코로나19 여파로 1학기에 이어 2학기 역시 비대면으로 수업이 진행..., 2020.10.20 , 뉴스핌 
415,중원대 간식나눔 소통 이벤트 ‘총장님이 떴다!’ 개최,[베리타스 알파=유재명 기자] 중원대는 중간고사 기간을 맞아 총장이 생활관을 깜짝 방문해 간식나눔 소통 이벤트 '총장님이 떴다!'를 개최했다고 22일 전했다. 이번 행사는..., 2020.10.22 , 베리타스알파 
416,교사가 학생에 기말고사 문제 유출 ‘파문’,"1학기 1등급, 1학년 2학기 2등급, 2학년 1학기 2등급, 2학년 2학기 1등급, 3학년 중간고사 100점을 맞은 것으로 확인했다""며 ""B 교사는 시험 근거 등을 유출한 것은 이번이...", 2020.09.27 , 남도일보 
417,"""주4일 등교, 걱정돼도 만족"" 등교 확대 첫날 학생·학부모 '기대...",등교일수를 늘리는 선에 그친 학교도 많았다. 대학입시 수시모집 원서접수와 중간고사가 끝난 고3은 일부 온라인수업으로 전환하고 고1~2학년의 등교를 늘렸으나 여전히..., 2020.10.19 , 뉴시스 
418,대학 온라인 중간고사 또 부정행위..이번엔 건국대,신종 코로나바이러스감염증(코로나19) 확산 방지를 위해 온라인으로 중간고사를 치른 건국대의 한 단과대 강의에서 일부 학생들이 부정행위를 저지른 것으로 나타났다. 각..., 2020.06.03 , 국민일보 
419,"YBM, 중학영어 내신대비 '알리GO 올리GO' 출간..독해·문법·서술...","통한 통합적 문법 적용 훈련, 학교시험에 출제되는 다양한 유형의 실전문제, 중간/기말고사 대비 문제 등 단계형 커리큘럼으로 기획되어 고득점 완성을 위한 실력을 키워...", 2020.10.26 , 서울경제 
420,수능 국어 고득점은 월드컵 조별 예선에서 브라질 이기는 격,대입의 열쇠를 국어가 쥐게 됐단 말이냐?”는 반문이 있을지도 모르겠다. 학교 중간 기말고사처럼 시험 문제를 다 맞히면 모두가 100점을 받는 시험에서는 그럴지도 모른다..., 2020.11.04 , 에듀동아 
421,발열로 중간고사 못보면 기말점수 100% 인정,것이다. 교육부는 자가 격리나 등교 전 자가 진단에서 발열 같은 이상이 확인돼 중간고사를 치르지 못한 학생에 대한 성적관리 방침을 빠르면 2일 각 시도교육청에 전달...,,
422,[코로나19 언택트인간 (2)] 예쁨받지 못한 ‘미개봉 중고’ 20학...,사실이 밝혀졌다. 올해 관광학부에 입학한 신입생 H씨(20세)는 “우리는 지금까지 중간고사 때문에 벚꽃 놀이도 제대로 가보지 못했다”며 “기숙사 들어갈 준비하느라 생활..., 2020.10.28 , 뉴스투데이 
423,"서울 중학생, 중간고사 없이 기말고사만 본다","후속대책을 발표하면서 이같이 권고하는 한편, 고등학교에 대해선 1학기 중간고사와 기말고사를 모두 치르도록 했습니다. 교육청은 또, 야간 자율학습을 원칙적으로 금지...", 2020.05.26 , MBC 
424,"""힘내라 후배들아"" 전남대 무료이용권 배부 눈길","따라 절약한 행사비용과 출연금을 더해 무료이용권을 배부하기로 했다""며 ""중간고사를 치르기 위해 등교하는 후배들에게 작은 위로가 되길 바란다""고 밝혔다. ☞공감언론...", 2020.10.16 , 뉴시스 
425,"초 1·2, 유치원 등교 개학..중학생 중간고사 안 본다","명에 달하는데, 학생들을 최대한 분리한다는 원칙에 따라 서울 중학교의 경우 중간고사도 생략됩니다. 이덕영 기자의 보도입니다. ◀ 리포트 ▶ 지난주 고3에 이어 오늘...", 2020.05.27 , MBC 
426,"[시론담론] ""공부할때는 재미있게, 놀때는 치열하게""","응급구조과 학생들을 보면 그들의 '뇌'에서 뿜어나는 에너지를 느낀다. 이번 학기 중간고사 과제로 영어 문장을 들려주면 ""귀로 받아적고 손으로 받아적고 눈으로 해석하고...",,
427,"YBM, 26일 중학영어 내신대비 '알리GO 올리GO' 시리즈 출간","문제를 통한 통합적 문법 적용 훈련, 학교시험에 출제되는 유형의 실전문제, 중간/기말고사 대비 문제 등 총 4단계의 학습을 통해 실력을 높일 수 있도록 했다. 마지막으로...", 2020.10.26 , 한국경제 
428,"YBM, 중학영어 내신대비 '알리GO 올리GO' 시리즈 26일 출간","통한 통합적 문법 적용 훈련, 학교시험에 출제되는 다양한 유형의 실전문제, 중간/기말고사 대비 문제 등 단계형 커리큘럼으로 기획되어 고득점 완성을 위한 실력을 키워...", 2020.10.26 , 경향신문 
429,충북 내주부터 초등학교 97% 전교생 등교..고교는 60% 그쳐,한다. 나머지 22곳은 부분 등교한다. 이런 현상은 상당수 중·고등학교가 현재 중간고사를 치르고 있어 학사일정을 수정하기가 쉽지 않기 때문으로 풀이된다. 도교육청..., 2020.10.17 , 연합뉴스 
430,서울 모든 중학교 중간고사 안본다,비해 매우 부족한 상황이 반영됐다. 다만 내신 성적이 입시에 중요한 고3은 중간·기말고사를 모두 치른다. 또 중·고등학교의 경우 1학기 수행평가 영역 및 비율과 서술형..., 2020.05.27 , 국민일보 
431,코로나19가 바꾸어 놓은 '중간고사 풍경',[충청일보 박장미기자] 코로나19 사태로 중간고사를 건너뛰거나 학년별 시험시간을 분리하는 등 충북지역 일선 학교의 중간고사 풍경이 예년과 달라졌다.22일 충북도교육청...,,
432,세상을 깨끗이! 제천학생자치넷 클린챌린지,"쉽게 접근할 수 있고 보람있는 일이라 생각되어 초중고 모두 동의한 것 같고, 중간고사가 끝난 직후 고등학교에서도 적극 동참할 예정""이라며, ""친환경도시인 제천시의 가치...", 2020.10.26 , 충청탑뉴스 
433,서강대 온라인 중간고사 '집단 커닝'..대학가 부정행위 확산,캡처 [서울경제] 신종 코로나바이러스 감염증(코로나19)으로 인해 온라인으로 중간고사를 치른 서강대 수학과 한 강의에서 일부 학생들이 부정행위를 저지른 사실이...,,
434,"서강대도 온라인 중간고사 집단 커닝..""시험 무효 처리""",게티이미지뱅크 신종 코로나바이러스 감염증(코로나19)으로 인해 온라인으로 중간고사를 치른 서강대 수학과 한 강의에서 일부 학생들이 부정행위를 저지른 사실이 드러났다..., 2020.06.02 , 한국일보 
435,서강대도 온라인 중간고사 부정행위..시험 무효 처리,연합뉴스) 김정진 기자 = 신종 코로나바이러스 감염증(코로나19)으로 인해 온라인으로 중간고사를 치른 서강대 수학과 한 강의에서 일부 학생들이 부정행위를 저지른 사실이..., 2020.06.02 , 연합뉴스 
436,"서강대도 온라인 중간고사 부정행위..""성적 무효 처리""",[한국경제TV 김주리 기자] 신종 코로나바이러스 감염증(코로나19)으로 인해 온라인으로 중간고사를 치른 서강대 수학과 한 강의에서 일부 학생들이 부정행위를 저지른 사실..., 2020.06.02 , 한국경제TV 
437,"[IN팟] 테너 존 노 ""팬들과 감정을 나누며 음악 하고 싶다""","학교 때 교내 남성 중창단에 들어가게 되면서 음악에 대한 열정이 커졌다고 한다. ""중간고사를 위해 푸치니에 대해 공부를 했고, 우연히 파바로티가 부른 네순 도르마...", 2020.10.14 , SBS 
438,"조희연, ""중학교 중간고사 치르지 말라"" 강력 권고","조정할 예정""이라고 밝혔다. 사진=뉴스1 서울시교육청이 서울 중학교를 대상으로 중간고사를 치르지 말라고 강력히 권고했다. 조희연 서울시교육감은 26일 서울시교육청에서...", 2020.05.26 , 한국경제 
439,"""월 매출 10만원, IMF보다 힘들다""..대학가 골목상권 '눈물'[현장+]","한양대를 비롯해 한국외대, 세종대 등이 대면수업에 들어갔다. 연세대는 2학기 중간고사 이후 수업부터 부분적으로 대면수업을 허용한다고 밝혔고, 서강대는 다음달 10일...", 2020.10.18 , 한국경제 
440,"고3 수능전략은? ""내일 '학평'·내달 '중간고사'에 집중하라""","주관 전국연합학력평가(학평)가 기다리고 있다. 이어 여름방학 전까지 6월 초 중간고사, 수능 출제기관인 한국교육과정평가원(평가원)이 주관하는 6월 모의평가(6월18...", 2020.05.20 , 뉴스1 
441,"포항대학교 학술정보관, 시험기간 간식 지원 행사로 학생들 응원",(경북=NSP통신) 조인호 기자 = 포항대학교(총장 한홍수) 학술정보관은 중간고사 기간을 맞아 대면으로 시험을 치르는 학생들을 응원하기 위해 지난 20일 평보도서관 북카페..., 2020.10.21 , NSP통신 
442,PC방 주간 가동률 15% 넘겼다 [위클리],출입이 허용되면서 가동률이 회복세를 보이는 것으로 풀이된다. 다만 중고등학교 중간고사 학사일정 등이 맞물리면서 사용량 회복세가 가파르지는 않은 것으로 보인다. 한편..., 2020.10.19 , 아이러브PC방 
443,코로나19 중·고교 중간고사 풍경도 바꿔,"［동양일보 지영수 기자］코로나19가 중·고등학교 중간고사 풍경도 바꿔놨다.22일 충북도교육청에 따르면 코로나19로 인해 도내 학교들이 학년별 고사시간 분리, 과목 축소...",,
444,'거리두기 완화' 충북 대학가 대면수업 늘린다,수업의 경우 이번주 부터 전면 대면수업에 들어가지만 이론 과목의 대면 수업은 중간고사와 대입 수시모집 실기·면접시험을 마친 이달 말 이후 확대하기로 했다. 청주의 한..., 2020.10.13 , 연합뉴스 
445,"충북교육청, 코로나-19로 달라진 중간고사 풍경",권영길 기자 충청북도교육청(교육감 김병우)은 코로나-19로 도내 중·고등학교 중간고사 풍경이 달라졌다고 22일(월) 밝혔다. 도교육청에 따르면 코로나-19로 인해 도내..., 2020.06.22 , 한국공보뉴스 
446,목원대 역량강화주간 운영,수 있는 역량강화주간을 26~30일까지 운영한다. 올해 처음 도입한 역량강화주간은 중간고사 종료 직후 한 주 동안 대학이 학생의 자율활동을 지원하는 것이다. 역량강화주간...,,
447,"충북교육청, 코로나-19로 달라진 중간고사 풍경",박철우 기자 = 충청북도교육청(교육감 김병우)은 코로나-19로 도내 중·고등학교 중간고사 풍경이 달라졌다고 22일 밝혔다. 도교육청에 따르면 코로나-19로 인해 도내 많은..., 2020.06.22 , 충청탑뉴스 
448,"고2 대입 준비, '지금부터 스타트!'",해법은 하나다. 대학 입시를 준비하는 타이밍을 앞당기는 전략이다. 많은 학교에서 중간고사를 실시하면서 2학기도 중반을 넘어서고 있다. 고2 학생들은 '예비 수험생'이..., 2020.10.23 , 굿모닝충청 
449,"충북교육청, 코로나-19로 달라진 중간고사 풍경",김의상 기자 = 충청북도교육청(교육감 김병우)은 코로나-19로 도내 중·고등학교 중간고사 풍경이 달라졌다고 22일 밝혔다.도교육청에 따르면 코로나-19로 인해 도내 많은..., 2020.06.22 , 내외뉴스통신 
450,'등교 여부' 교장이 결정..중학교 1학기 중간고사 생략,"말지, 원격수업을 할지, 학교장 판단에 맡기기로 한 겁니다. 또 중학교에는 1학기 중간고사를 보지 말라고도 했습니다. 양원보 기자입니다. [기자] 우선 학교에 확진자가...", 2020.05.26 , JTBC 
451,전남대 활기 찾은 캠퍼스서 학생 맞이 행사.. 도시락/무료이용권 ...,[베리타스알파=나동욱 기자] 전남대는 학생중앙위원회와 함께 지난 19일 중간고사 시험을 치르기 위해 아침을 거른 채 등교하는 학생들을 위해 학교 후문과 중앙도서관 별관..., 2020.10.21 , 베리타스알파 
452,'거리두기 완화'로 대학가도 대면 수업 기지개,"세종대, 이화여대, 한국외대 등이 대면수업에 들어갔다. 국민대, 서강대 등도 중간고사 이후인 10월 말부터 11월 초 사이 대면수업을 시작한다. 앞서 코로나 여파로 지난...", 2020.10.18 , 메트로신문 
453,"충북교육청, 코로나-19로 달라진 중간고사 풍경",문병철 기자] 충청북도교육청(교육감 김병우)은 코로나-19로 도내 중·고등학교 중간고사 풍경이 달라졌다고 22일(월) 밝혔다. 도교육청에 따르면 코로나-19로 인해 도내..., 2020.06.22 , 세계뉴스통신 
454,고등학교엔 3학년 2학기가 없다?,수렁에 빠지면 자괴감으로부터 헤어나기 힘들다고 고백한다. 여느 때라면 중간고사와 기말고사를 채찍 삼아 을러도 볼 텐데 그마저도 여의치 않다. 3학년 2학기 성적은 입시..., 2020.10.08 , 오마이뉴스 
455,"충북교육청, 코로나-19로 달라진 중간고사 풍경",[베리타스알파=나동욱 기자] 충북교육청은 코로나-19로 도내 중/고등학교 중간고사 풍경이 달라졌다고 22일 밝혔다. 충북교육청에 따르면 코로나-19로 인해 도내 많은 학교..., 2020.06.22 , 베리타스알파 
456,"해커스공무원, 9급 공무원 시험 대비 ‘기본종합반’ 최대 86% 할인","보카 테스트를 진행해 매일 복습하는 습관을 기를 수 있다. 또한, 매월 중간고사와 기말고사도 응시해 수험생의 학습 성취도도 체크할 수 있으며, 이와 같은 데일리/위클리...", 2020.10.24 , 아이티비즈 
457,지역 대학들 소규모 강좌 대면 전환..출석 시험도,"다만, 70명 초과 대형 강좌는 여전히 비대면으로 진행한다. 시험도 중간고사나 기말고사 중 한 차례 이상은 출석해 치르도록 했다. 영남대는 13일 회의를 통해 대면 수업...", 2020.10.13 , 노컷뉴스 
458,"""서울 중학교 1학기 중간고사 폐지 권고""",감염증(코로나19)이 다시 확산세를 보이자 서울시교육청이 서울 중학교를 대상으로 중간고사를 치르지 말라고 권고했다. 조희연 서울시교육감은 26일 서울 종로구 서울시..., 2020.05.26 , 쿠키뉴스 
459,"이준석 ""서울시장 후보, 젊은이들의 공정성 문제 제기에 화답할 ...",이분이 선거 결과에 굉장히 특화된 분이기 때문에 저희는 그 선거라는 중간고사 기말고사가 나왔을 때 비로소 이분의 가치를 제대로 평가할 수 있다 저는 이런 생각을..., 2020.10.23 , BBS 
460,[10월3주 PC방 순위] 할로윈 효과 톡톡…'오버워치' 급등,"기록했다. 사회적 거리두기 1단계 완화로 미성년자의 PC방 출입이 허용됐지만, 중간고사 학사일정 등이 맞물리며 사용량 회복세가 크지 않았다. 전년 대비 사용시간 감소폭...", 2020.10.25 , 이코노믹리뷰 
461,"전남대, 도시락도 주고, 무료이용권 배부",등교를 따뜻한 손길로 반겨주고 있다. 전남대는 학생중앙위원회와 함께 지난 19일 중간고사 시험을 치르기 위해 아침을 거른 채 등교하는 학생들을 위해 전남대 후문과 중앙..., 2020.10.20 , 브레이크뉴스 
462,'피원에이치' 개봉..국내 최초 보이그룹 세계관 장편 영화화,함께 극장가와 가요계의 만남이 가져올 시너지 창출도 기대되고 있다. ‘고사: 피의 중간고사’ ‘표적’ ‘계춘할망’ 등 흥행작을 만든 창 감독이 연출과 각본을 맡았다..., 2020.10.12 , 스타투데이 
463,중간고사 시간 빠듯..정성평가 대체 의견 '솔솔',감염증으로 인해 미뤄졌던 등교 계획 일정이 확정되면서 당장 코 앞에 닥친 중간고사에 관심이 쏠리고 있습니다. 입시를 앞둔 중고등학교 3학년은 그대로 시험을 보더라도..., 2020.05.07 , EBS 
464,"대전대, 2학기 일부 실험·실습·실기과목 대면수업 실시","대면평가를 원칙으로 이뤄진다. 대전대 관계자는 ""공정한 시험평가를 위해 중간고사와 기말고사는 대면 평가로 실시한다. 코로나19 확산 추이에 따라 이는 변동 가능성이...", 2020.10.12 , 머니투데이 
465,인하대 이어 서강대도 중간고사 부정행위..시험 무효 처리,인하대에 이어 서강대에서도 일부 학생들이 온라인 중간고사에서 집단 부정행위를 저지른 것으로 드러났습니다. 서강대는 지난달 치른 수학과 온라인 중간고사에서 일부...,,
466,서강대서 온라인 중간고사 부정행위..시험 무효처리,사진=연합뉴스) 3일 서강대에 따르면 학교 커뮤니티를 통해 지난 5월 온라인 중간고사에서 수학과 일부 학부생들이 답안 내용을 공유해가며 시험을 치렀다는 주장이 제기..., 2020.06.03 , 이데일리 
467,'과제 폭탄'에 공정성 문제..대학가 중간고사 비상,"하시는 거 같아요."" 직장과 학업을 병행하던 2년차 대학원생 박모씨(31)는 최근 중간고사 시즌을 맞아 볼멘소리를 내놨다. 코로나19(COVID-19)로 어쩔 수 없는 온라인 강의...", 2020.05.02 , 머니투데이 
468,"수도권 '예측불가 감염' 확산..6월 모평·중간고사 앞둔 고3, 어...","코로나19) 집단 감염 사태가 연일 예측할 수 없는 곳곳으로 확산되면서, 이달 중간고사와 모의평가를 앞둔 고3 수험생들은 좌불안석이다. 혹시나 시험 전에 확진자가 발생해...", 2020.06.12 , 헤럴드경제 
469,원격수업 교육격차 실태 파악한 교육청은 단 1곳뿐,학생이 감소하면 U자형을 띤다. 부산교육청은 두 가지를 진행했다. 먼저 1학기 중간고사를 분석했다. 원격수업 후 등교하여 진행된 중간고사에서 학교현장의 교원들이 체감..., 2020.10.05 , 이데일리 
470,"전교생 등교 첫날 중간고사도..""거리두기 감독 한계""","[앵커] 3차 등교 첫날, 중간고사를 치른 고등학교도 있었는데요. 분산 시험을 치르느라 고등학교 2, 3학년은 오전에, 1학년은 오후에 등교해 시험을 봤습니다. 시험은 일단...", 2020.06.03 , YTN 
471,중간고사 시간 빠듯..정성평가 대체 의견 '솔솔',감염증으로 인해 미뤄졌던 등교 계획 일정이 확정되면서 당장 코 앞에 닥친 중간고사에 관심이 쏠리고 있습니다. 입시를 앞둔 중고등학교 3학년은 그대로 시험을 보더라도..., 2020.05.06 , EBS 
472,"전교생 등교 첫날 중간고사도..""거리두기 감독 한계""","[앵커] 3차 등교 첫날, 중간고사를 치른 고등학교도 있었는데요. 분산 시험을 치르느라 고등학교 2, 3학년은 오전에, 1학년은 오후에 등교해 시험을 봤습니다. 시험은 일단...", 2020.06.03 , YTN 
473,기말고사 부정행위 잇따라…중간고사 집단 커닝사태 지속,카카오톡 채팅방을 통해 일부 학생들이 부정행위를 모의한 것이 드러났다. 중간고사 당시 학생들은 시험 문제가 공개되면 카카오톡 단체채팅방을 통해 판례를 찾아주고..., 2020.06.24 , 재경일보 
474,천재교육 '유형 해결의 법칙'으로 탄탄한 중학 수학 내신 완성,[서울경제] 코로나로 인해 학사일정이 변경되면서 중간고사 일정이 불투명해졌다. 그렇다고 해서 마냥 손을 놓고 있을 수는 없다. 특히나 특목고 입시의 경우 내신 성적이..., 2020.10.10 , 서울경제 
475,"이화여대, ‘든든한 이화사랑’ 행사 개최",[한국대학신문 백수현 기자] 이화여자대학교(총장 김혜숙)가 19일 중간고사 시험기간 동안 재학생들에게 간식을 제공하는 ‘든든한 이화사랑’ 프로그램을 실시했다. ‘든든..., 2020.10.19 , 한국대학신문 
476,또 대학가 온라인 중간고사 부정행위..이번에는 건국대,코로나19 확산 방지를 위해 온라인으로 중간고사를 치른 건국대학교의 한 단과대 일부 학생들이 대리시험을 치르는 등 부정행위를 한 것으로 드러났습니다. 학교 측은 이번...,,
477,"충북교육청, 코로나-19로 달라진 중간고사 풍경",충청북도교육청 [미디어투데이] 충청북도교육청은 코로나-19로 도내 중·고등학교 중간고사 풍경이 달라졌다고 22일 밝혔다. 도교육청에 따르면 코로나-19로 인해 도내 많은..., 2020.06.22 , 미디어투데이 
478,"충북교육청, 코로나-19로 달라진 중간고사 풍경",중부뉴스통신]김만식 기자 = 충청북도교육청은 코로나-19로 도내 중·고등학교 중간고사 풍경이 달라졌다고 22일 밝혔다. 도교육청에 따르면 코로나-19로 인해 도내 많은..., 2020.06.22 , 중부뉴스통신 
479,이화여대 '든든한 이화사랑' 행사 개최,[베리타스알파=나동욱 기자] 이화여대는 19일 중간고사 시험기간 동안 재학생들에게 간식을 제공하는 ‘든든한 이화사랑’ 프로그램을 실시했다고 이날 밝혔다. '든든한..., 2020.10.19 , 베리타스알파 
480,서울 중학생 중간고사 안본다..강서·양천 초교 9곳 등교 연기(종합),"또 서울 중학생은 1학기에 교육청 권고로 대부분 중간고사를 치르지 않지만, 고등학교 3학년은 중간·기말고사를 두 번 모두 보게 된다. 조희연 '강서구 다수 학교 등교...", 2020.05.26 , 연합뉴스 
481,등교하면 일주일만에 중간고사?..고1도 '내신관리' 압박,일정대로 고등학생들이 등교수업을 시작하게 되면 고1의 경우 심하면 일주일 만에 중간고사를 치러야 한다. 교육부가 밝힌 고교 등교개학 일정은 20일 고3을 시작으로 27..., 2020.05.13 , 뉴스1 
482,"대치동 강사, 미등록 교습까지…학생 62명 격리","A외고는 20일 하루 학생들의 등교를 중단시켰다. 익명을 요구한 A외고 교장은 \""중간고사가 시작된 어제(19일) 학생들이 시험을 마친 후에야 (강사 확진 사실을) 알았다\""며...", 2020.10.20 , 수도권일보 
483,[서울포토]텅 빈 강의실,학기중에도 불구하고 텅 비어 있다.연세대는 사회적 거리두기 2단계에 따라 2학기 중간고사기간까지 모든 수업을 전면 온라인 수업으로 전환하기로 결정했으며 중간고사..., 2020.10.05 , 서울신문 
484,"전남대, 온라인 중간고사 서버 '먹통'",뉴시스] 류형근 기자 = 온라인 강의. [광주=뉴시스] 송창헌 기자 = 온라인으로 중간고사를 치르던 한 대학에서 서버가 다운되면서 학생들이 혼란을 겪는 등 시험 관리에..., 2020.05.04 , 뉴시스 
485,"""원격수업 교육격차, 실태 파악한 교육청은 17곳 중 1곳 뿐""",학생이 감소하면 U자형을 띈다. 부산교육청은 두가지를 진행했다. 먼저 1학기 중간고사를 분석했다. 원격수업 후 등교해 진행된 중간고사에서 학교현장의 교원들이 체감하는...,,
486,서강대 수학과도 온라인 중간고사 부정행위..해당시험 무효,부정행위를 한 사실이 밝혀진 가운데 서강대학교 수학과에서도 온라인으로 치러진 중간고사 시험에서 일부 부정행위가 발생했다는 의혹이 제기돼 학교가 대응에 나섰다. 2일..., 2020.06.02 , 뉴스1 
487,"전남대, 학생들에 도시락·식권 나눔",무료이용권 등을 나눠주고 있다. 전남대는 학생중앙위원회와 함께 지난 19일 중간고사 시험을 치르기 위해 아침을 거른 채 등교하는 학생들을 위해 전남대 후문과 중앙..., 2020.10.20 , 대학저널 
488,호남대 3개 단과대 '제한적 대면수업' 시작,접촉을 줄이기 위해 즉시 귀가하도록 안내할 예정이다. 시험평가도 중간고사는 생략하고 기말고사를 실시하되 대면시험을 원칙으로 교수 재량에 따라 비대면 시험이나..., 2020.10.12 , 뉴스1 
489,"호남대, 10월 12일부터 '제한적 대면수업'",접촉을 줄이기 위해 즉시 귀가하도록 안내할 예정이다. 시험평가도 중간고사는 생략하고 기말고사를 실시하되 대면시험을 원칙으로 교수 재량에 따라 비대면 시험 및 과제물..., 2020.10.12 , 노컷뉴스 
490,"호남대, 12일부터 '제한적 대면수업' 실시",접촉을 줄이기 위해 즉시 귀가하도록 안내할 예정이다. 시험평가도 중간고사는 생략하고 기말고사를 실시하되 대면시험을 원칙으로 교수 재량에 따라 비대면 시험 및 과제물..., 2020.10.12 , 머니S 
491,[포토]경북 청도중학교의 제자사랑 분식차,청도군 청화로에 위치한 청도중학교(교장 윤경식)에서는 지난 22일 선생님들이 중간고사 시험이 끝난 학생들을 위해 분식차를 준비해 훈훈한 광경을 연출했다.이날 청도..., 2020.10.23 , 내외뉴스통신 
492,단체로 푼다?..'온라인 중간고사' 공정성 걱정,우려에 상당수 대학이 온라인 강의를 하고 있습니다. 4월말에서 5월초로 예정된 중간고사 역시 온라인으로 치르는데요. 감독이 불가능해 부정행위가 생길 수 있다는 걱정이..., 2020.04.30 , 연합뉴스TV 
493,‘시험문제 유출’ 완도 모 고교 교사 해임,"1학기 1등급, 1학년 2학기 2등급, 2학년 1학기 2등급, 2학년 2학기 1등급, 3학년 중간고사 100점을 맞은 것으로 확인했다”며 “A 교사는 시험 근거 등을 유출한 것은 이번...", 2020.10.19 , 남도일보 
494,"""왜 아이돌은 지구를 지킬까"" 오행까지 등장한 세계관 전쟁",이번 협업에 대해 만족감을 표했다. 2002년 뮤직비디오 감독으로 시작해 2008년 ‘고사: 피의 중간고사’로 영화계에 첫 발을 디딘 창 감독은 2014년 ‘표적’으로 칸..., 2020.10.14 , 중앙일보 
495,"배우 노행하, 영화 ‘아이윌송’ 캐스팅 확정... 발레 전공자役","연구원으로 출연해 이목을 집중시켰다.노행하는 지난 2008년 개봉한 영화 '고사: 피의 중간고사'로 데뷔한 후 영화 ‘순수의 시대’ 드라마 ‘S.O.S 나를 구해줘’, ‘오늘...", 2020.10.21 , 한국스포츠통신 
496,"노행하, ‘아이윌송’ 출연 확정…함은정X구원과 호흡 [공식]","출연해 이목을 집중시키기도. 노행하는 지난 2008년 개봉한 영화 '고사: 피의 중간고사'로 데뷔한 후 영화 ‘순수의 시대’ 드라마 ‘S.O.S 나를 구해줘’, ‘오늘도 청춘...", 2020.10.21 , 더 셀럽 
497,인천·부천 확진 학생 등교수업에도 추가 감염 '0',"나왔다.고3 학생인 그는 평일마다 학교를 오갔다. A군이 등교한 지난 12∼16일은 중간고사 기간이라 접촉을 최소화 할 수 있었지만, 정상 수업이 진행된 19일의 경우 오후...", 2020.10.24 , 인천일보 
498,반장에게 시험 출제방향 알려준 고교 영어 교사 해임,"1학기 1등급, 1학년 2학기 2등급, 2학년 1학기 2등급, 2학년 2학기 1등급, 3학년 중간고사 100점을 맞은 것으로 확인했다”며 “A 교사는 시험 근거 등을 유출한 것은 이번...",,
499,조선대 27일부터 대면·비대면 혼합 수업,"수업을 혼합해 운영한다고 13일 밝혔다. 조선대는 이에 따라 26일까지 마무리되는 중간고사는 비대면 온라인시험 진행을 원칙으로 하되, 수업 특성에 따라 27일부터 대면...", 2020.10.13 , 한국일보 
