,body
0,2학기 기말고사까지 모집단위 관련 교과목을 충실히 이수하고 수업시간에 적극적으로 참여해 평가에서 우수한 성적을 받을 수 있도록 해야 한다. # 정시 지역균형전형 신설...
1,포항대학교는 지난 7일 기말고사기간을 맞아 교내 평보도서관 북카페에서 학생들에게 간식을 지원했다.
2,도내 대학들의 1학기 기말고사가 코앞으로 다가오면서 대면 시험을 두고 각 학교들이...진행하는 것으로 알려졌다. 전북대학교 A교수는 “비대면의 경우에는 변별력을...
3,2학기 기말고사는 기존과는 다른 새로운 방식으로 진행해 보았습니다. 배운 내용을 머릿속에 담아두는 것이 아닌 영상발표를 통해 지식을 전달하는 능력을 기르는 교육법은...
4,23일 계명대학교 강의실에서 치러진 기말고사 교양과목 초급 독일어 대면시험에서 학생들이 거리두기를 하며 시험 준비를 하고 있다. 계명대는 학생들의 시험 공정성과...
5,예술대학교(총장 송수근)는 1993년 설립 이래 국내 유일의 예술 디자인 교육 특성화 대학으로서 ‘예술·디자인·과학기술의 융합을 통한 창조적 문화산업의 리더 양성...
6,"고등학교, 대학교까지 모두, 우리 모두는 머릿속에 똑같은 지식을 집어넣고 중간고사, 기말고사로 점수를 토해내게 하고 실수 없이 외우라고 하고 그걸로 한 줄 세우고 대학..."
7,비대면 수업을 지속하기로 했다. 숭실대학교는 6일 교무위원회를 열고 2학기 중간고사...수 있도록 했다. 한편 2학기 중간·기말고사와 관련해 숭실대는 시험방법을 교원...
8,군산대학교에서 시험 기간 학생들에게 아침밥이 1천 원에 제공된다.해마다 중간고사와 기말고사 동안 학생들의 건강한 대학 생활을 지원하기 위해 `따뜻한 천원의 아침밥...
9,여자대학교는 19일 중간고사 시험기간 동안 재학생들에게 간식을 제공하는 ‘든든한 이화사랑’ 프로그램을 실시했다. ‘든든한 이화사랑’은 2006년 도입 이후부터 학생들...
20,여자대학교는 19일 중간고사 시험기간 동안 재학생들에게 간식을 제공하는 ‘든든한 이화사랑’ 프로그램을 실시했다. ‘든든한 이화사랑’은 2006년 도입 이후부터 학생들...
21,"이거는 기말고사 성적에는 포함되지 않는다. ◇ 김현정> 아, 기분 좋게. ◆ 한동일> 왜냐하면 공부를 잘하는 방법이 여러 가지가 있을 수 있겠지만 아주 한 번의 짧은 기억..."
22,"된 것으로 드러났다, 19일 대구 경북대학교 글로벌플라자에서 열린 대구.경북.강원도...교사 C씨는 지난해 8월 시행한 기말고사에서 사회․문화 과목 총 23문항 중 20문항..."
23,호남대학교가 12일 제한적 대면수업을 하고 있다.(호남대 제공)2020.10.12/뉴스1 © News...대면으로 실시하기로 했다. 중간고사는 교수 재량으로 대면·비대면을 선택할 수...
24,홍보대사 학생들이 소독용 물티슈와 호남대학교 웹툰캐릭터 호덕이 스티커를 나눠주는...예정이다. 시험평가도 중간고사는 생략하고 기말고사를 실시하되 대면시험을 원칙...
26,"여자대학교에서 수험생들이 시험을 마치고 고사장을 빠져나오고 있다. /사진=뉴스1 서울대, 고려대 등 주요 6개 대학이 학생부종합전형(학종)을 평가하는 과정에서 불공정..."
27,"호남대학교가 제한적 비대면 수업에 돌입했다. 호남대는 12일부터 보건과학대학과 인문사회대학, 경영대학 등 3개 단과대학에서 제한적 대면수업을 시작했다고 밝혔다. 대면..."
28,"호남대학교는 코로나19 재확산으로 비대면과 대면을 병행하는 '블렌디드 수업'을 원칙으로 2학기 수업을 진행하고 있는 가운데, 12일부터 보건과학대학과 인문사회대학..."
29,(부산=연합뉴스) 손형주 기자 = 17일 오후 부산 금정구 부산대학교에서 학생들이 학교 안 커피숍에서 기말고사 공부를 하고 있다. 1학기 비대면 수업이 진행되고 있는 부산...
30,대전대학교가 올해 2학기 일부 실험·실습·실기 교과목에 한해 대면수업을 실시한다고...공정한 시험평가를 위해 중간고사와 기말고사는 대면 평가로 실시한다. 코로나19...
31,"여자대학교에서 수험생들이 시험을 마치고 고사장을 빠져나오고 있다. 기사 내용과 직접 관련 없음. 2020.10.11/ 사진 = 뉴스 1 서울대, 고려대 등 주요 6개 대학이 학생부..."
32,경남정보대학교 총학생회는 6월 17일 기말고사를 앞두고 학생들의 안전을 위협하는 코로나19 바이러스 퇴치를 위해 ‘클린캠퍼스 캠페인’을 열고 강의실과 휴식공간 등...
33,여자대학교(총장 김혜숙)가 19일 중간고사 시험기간 동안 재학생들에게 간식을 제공하는 ‘든든한 이화사랑’ 프로그램을 실시했다. ‘든든한 이화사랑’은 2006년 도입...
34,[서울=뉴스핌] 이정화 기자 = 한국외국어대학교 기말고사에서 학생들이 집단으로 부정행위를 한 것으로 드러났다. 신종 코로나바이러스 감염증(코로나19) 여파에 따른...
35,달 전쯤부터 실기·실습 과목에 대해서만 등교 수업을 진행하고 있는 경희대학교. 하지만 기말고사는 모든 과목을 대면으로 하겠다고 발표하자 학생들은 일방적인 결정...
37,"수 있기 때문에 그런 부분들은 많이 해결할 수 있다…"" 코 앞으로 다가온 대학교의 기말고사. 대면 시험을 앞둔 학생도, 비대면 시험을 준비하는 학생도 각자의 고민이 깊어..."
38,"17일 꿈집, 한길관 1층 로비에서 3일간 기말고사 응원 간식 나눔 이벤트를 실시했다고...바란다”라고 말했다. 한편 부천대학교는 도서관 열람실 24시간 개방을 통해 학생..."
40,"© News1 DB (서울=뉴스1) 황덕현 기자,이상학 기자 = 한국외국어대학교 온라인 강의 기말고사에서 700여명이 가담한 '집단 부정행위'가 발생한 데 이어 중앙대에서도 법학을..."
41,와이즈유(영산대학교)는 최근 기말고사를 치르는 재학생을 위해 '기말고사 응원 이벤트'를 진행했다고 16일 밝혔다. 와이즈유 대학혁신지원사업단과 대학일자리센터은 양산...
42,땐가요. 대학교 때인가 이 영화 나왔는데 완전히 정말 남자들을 공포로 몰아넣은. ◎ 이수정 > 여자가 무서울 수 있다 라는 표본을 보여준. 그렇습니다. ◎ 진행자 > 역시...
43,한상형 기자] 세종대학교(총장 배덕효)는 지난 6월 22일부터 26일까지 2020-1학기 기말고사 기간을 맞아 대면 및 비대면 시험을 실시했다고 지난 30일 밝혔다.세종대는 최근...
44,치르던 원광대가 대면시험 중지 결정을 내렸다. 전북 익산 소재 원광대학교는 26일 '기말고사 대면시험 중지 안내'를 통해 오는 29일부터 예정된 모든 기말고사 과목을 대상...
45,변동될 수도 있다. 호남대학교는 이날 등교하는 학생들을 위해 정문에서 홍보대사 학생...예정이다. 시험평가도 중간고사는 생략하고 기말고사를 실시하되 대면시험을 원칙...
46,홍보대사 학생들이 소독용 물티슈와 호남대학교 웹툰캐릭터 호덕이 스티커를 나눠주는...예정이다. 시험평가도 중간고사는 생략하고 기말고사를 실시하되 대면시험을 원칙...
47,따라 변동될 수도 있다.호남대학교는 이날 등교하는 학생들을 위해 정문에서 홍보대사...시험평가도 중간고사는 생략하고 기말고사를 실시하되 대면시험을 원칙으로 교수...
48,세종대학교는 최근 대면·비대면 기말고사를 실시했다고 30일 밝혔다. 앞서 세종대는 코로나19 감염 확산에 따라 이번 기말고사를 비대면 온라인 시험으로 진행할 예정...
49,사진=울산대 제공)photo@newsis.com [울산=뉴시스]구미현 기자 = 울산대학교 공과대학학생회가 기말고사 기간에 재학생의 신종 코로나바이러스 감염증(코로나19) 감염 방지...
50,[충청신문=대전] 조수인 기자 = 대전대학교가 올해 2학기 수업 방식을 일부 조정했다...공정한 시험평가를 위해 중간고사와 기말고사는 대면 평가로 진행된다”며 “코로나...
51,홍보대사 학생들이 소독용 물티슈와 호남대학교 웹툰캐릭터 호덕이 스티커를 나눠주는...예정이다. 시험평가도 중간고사는 생략하고 기말고사를 실시하되 대면시험을 원칙...
52,실시 요구 (서울=연합뉴스) 정하종 기자 = 5일 오전 서울 관악구 서울대학교에서 열린 '기말고사 실시 방침 변경 촉구 기자회견'에서 최대영 총학생회 직무대행이 코로나19...
53,[대학저널 이승환 기자] 대전대학교가 2학기 수업 방식을 일부 조정했다. 코로나19 사태...시험평가를 위해 중간고사와 기말고사는 대면 평가로 진행된다”며 “코로나19의...
54,"▲ 인천일보, INCHEONILBO 안산대학교는 기말고사 기간을 맞아 대면으로 시험을 치르는 학생들을 응원하기 위해 발열 체크, 학생 간 거리 두기 등 방역수칙을 철저히 지킨..."
55,"신입생들 역시 비슷한 상황이다. 경성대학교 전자공학과 양세빈(23, 경남 김해시) 부...새내기 대학생은 “지난 학기 기말고사를 제외하곤 학교에 가본 적이 없다”며..."
56,"호남대학교(총장 박상철)가 12일부터 보건과학대학과 인문사회대학, 경영대학 등 3개 단과대학에서 제한적 대면수업에 돌입했다. 호남대는 이날부터 실습 및 일부 이론..."
57,있다. (사진= 군산대 제공) [군산=뉴시스]고석중 기자 = 전북 군산대학교가 1학기 기말고사 기간을 맞아 교내 황룡도서관 앞 광장에서 '천원의 아침밥' 행사를 펼쳐 눈길을...
58,감염 우려 높아… 온라인으로 대체 가능” 17일 오후 부산 금정구 부산대학교에서 학생들이 기말고사에 응시하기 전 발열 체크를 하고 있다. 1학기 비대면 수업이 진행되고...
59,숭실대학교 에브리타임 앱 캡처 숭실대학교에서 대면 기말고사를 하루 앞두고 교수를 사칭한 누군가가 '시험 취소' 메일을 학생들에게 보낸 일이 발생했다. 9일 숭실대에...
60,"계명대는 2만 여명의 재학생들이 1학기 기말고사를 대면시험으로 무사히 치루고, 계절...비상연락망을 구축했다. 인근 계명대학교 동산병원과도 협력체계를 구축해 신속한..."
61,정황이 외부에 드러나게 됐다. 지난 18일 온라인으로 치러진 한국외국어대학교 교양과목 기말고사에서도 카카오톡 오픈채팅방을 통해 정답이 수강생들 사이에 공유됐다...
62,(부산=국제뉴스) 김옥빈 기자 = 와이즈유(영산대학교)는 기말고사를 치르는 재학생들을 위해 '기말고사 응원 이벤트'를 진행했다. 와이즈유 대학혁신지원사업단과 대학...
63,군산대학교가 올해 1학기 기말고사 기간을 맞아 교내 황룡도서관 앞 광장에서 '천 원의 아침밥' 행사를 전개하고 있다고 23일 밝혔다. 천원의 아침밥 이벤트는 기말고사...
64,(부산=연합뉴스) 손형주 기자 = 17일 오후 부산 금정구 부산대학교에서 학생들이 기말고사에 응시하기 전 발열 체크를 하고 있다. 1학기 비대면 수업이 진행되고 있는 부산...
66,(부산=연합뉴스) 손형주 기자 = 17일 오후 부산 금정구 부산대학교에서 학생들이 기말고사에 응시하기 전 발열 체크를 하고 있다. 1학기 비대면 수업이 진행되고 있는 부산...
68,19 여파로 비대면 수업을 실시하고 있는 22일 전북 전주시 전북대학교 무용학과 실습실에서 기말고사 첫 대면 실기시험 치러져 학생들이 시험을 보고 있다. 2020.6.22/뉴스1...
69,군산대학교가 기말고사 기간을 맞아 교내 황룡도서관 앞 광장에서 ‘천원의 아침밥’ 행사를 갖고 있다. ‘천원의 아침밥’은 기말고사 기간 동안 조기 등교로 아침 식사를...
70,"계명대학교는 최근 2만여 명의 재학생이 1학기 기말고사를 대면시험으로 무사히 치르고, 계절학기 준비에 돌입했다고 17일 밝혔다. 계명대는 지난달 23일부터 17일까지 기말..."
71,대학교에서 1학기 기말고사가 치러지고 방학을 하는 학교가 늘고 있지만 신종 코로나바이러스 감염증(코로나19)으로 인한 대학가 갈등은 진행형이다. 앞서 대학가에서는...
73,가톨릭대학교는 올해 1학기 기말고사를 온·오프라인으로 순조롭게 진행하고 있다고 22일 밝혔다. 가톨릭대는 온라인 시험이 불가피한 약 14.6%의 과목에 한해 대면 시험을...
74,(서울=연합뉴스) 정하종 기자 = 5일 오전 서울 관악구 서울대학교에서 열린 '기말고사 실시 방침 변경 촉구 기자회견'에서 최대영 총학생회 직무대행이 코로나19 유행에...
76,있다. 숙박까지 포함할 경우 하루 2만원선이다. A 고시원 사장은 “중간고사나 기말고사와 같은 대학교 시험기간에 일주일 단위로 방을 빌려준 적은 있었지만 이번처럼 하루...
77,"중간 기말고사 때 '헌법전문'만 적어도 기본점수는 주는 교수다. 그래서 학생 중 일부가 그것을 악용한다. 하지만 헌법전문이 기본인 것은 사실""이라고 말씀하셨다. 16년이..."
79,시험성적 조작 등의 의혹이 제기된 남부대학교에 대한 압수수색을 실시하는 등 수사에...졌다. 경찰은 A 교수가 중간고사와 기말고사 등 학과시험에 불참한 일부 학생들에게...
80,(서울=연합뉴스) 정하종 기자 = 5일 오전 서울 관악구 서울대학교에서 열린 '기말고사 실시 방침 변경 촉구 기자회견'에서 최대영 총학생회 직무대행이 코로나19 유행에...
83,"다해서 기말고사를 잘 치러야 하겠습니다. 유나영 아나운서 수능과 관련해서 EBS 연계율도 중요하잖아요. 아직까지는 70% 수준을 유지하고 있는데, 아무래도 코로나19..."
84,[부산=뉴시스] 경남정보대학교 총학생회는 기말고사를 앞두고 학생들의 안전을 위협하는 신종 코로나바이러스 감염증(코로나19) 예방을 위해 강의실과 휴식공간 등 캠퍼스...
86,코로나19 사태가 장기화되고 있는 가운데 계명대학교가 기말고사를 철저한 방역조치 하에 대면시험으로 무사히 치러냈다. 계명대는 지난 6월 23일부터 7월 17일까지 2020...
87,서울대학교 총학생회가 모든 기말고사를 비대면으로 진행해달라고 학교에 요구했습니다. 서울대 총학생회 대행은 오늘(5일) 기자회견을 열고 지난달부터 이태원 클럽 발 등...
88,19 여파로 비대면 수업을 실시하고 있는 22일 전북 전주시 전북대학교 무용학과 실습실에서 치러진 기말고사 첫 대면 실기시험에 앞서 학생들이 최종 연습을 하며 시험 준비...
89,"한국외국어대학교의 학생 700여명이 기말고사에서 집단으로 부정행위를 저질렀다는 보도가 나온 가운데, 대학 측이 ”문제가 심각한 경우 학생 징계위원회에 회부하겠다”고..."
90,(서울=연합뉴스) 정하종 기자 = 5일 오전 서울 관악구 서울대학교에서 열린 '기말고사 실시 방침 변경 촉구 기자회견'에서 학생들이 코로나19 유행에 따른 학생 건강권 보장...
92,뉴스1) 온다예 기자 = 신종 코로나바이러스 감염증(코로나19) 사태로 기말고사를 앞둔 주요 대학교에서 시험방식을 두고 논란이 일고 있다. 대면과 비대면 두 방식을 교수...
93,불안 정도가 감소했다는 내용이다. @cnn기말고사 기간에 의대생에게 귀여운 동물 영상...생겼다”며 영국 리즈대학교 안드레아 어틀리(Andrea Utley) 교수의 연구결과를...
94,혹은 기말고사를 정상적으로 치른 학생 등 누구나 쉽게 해당 과목의 자격증을 발급받을 수 있는 자격을 부여했다. 졸업한 뒤 취업에 나서야 하는 학생들 입장에서는 전공...
95,[한국대학신문 오지희 기자] 안산대학교(총장 안규철)는 19일 기말고사 기간을 맞아 다양한 이벤트를 실시했다. 안산대학교 도서관에서 준비한 ‘도서관에서 간식 받고 A...
96,대학에서 온라인 시험 부정행위 사례가 이어지고 있는 가운데 서울대학교 재학생들이 1학기 기말고사를 절대평가 방식의 비대면 시험으로 실시해야 한다는 내용의 성명을...
97,[경향신문] 연세대학교 학생들이 지난 18일 오후 서울 서대문구 연세대학교 학생회관 앞...최근 휴대전화 거치대를 샀다. 1학기 기말고사를 한 주 앞두고 화상회의 플랫폼...
98,19 여파로 비대면 수업을 실시하고 있는 22일 전북 전주시 전북대학교 무용학과 실습실에서 치러진 기말고사 첫 대면 실기시험에 앞서 학생들이 최종 연습을 하며 시험 준비...
99,이후로는 어떻게 됐을까? 그런데 결국 대학교에 가고 글을 쓰지 않았을까? 이렇게 오지...같아. 학교에서 시험을 보는데 기말고사를 준비 없이 보는 게 아니라 그동안 교수...
102,인천대학교 전경./아시아뉴스통신=이채현기자 인천대학교에서 온라인으로 치러진 올해 기말고사에서 집단 커닝이 이뤄진 것으로 드러났다. 23일 인천대에 따르면 공과대학...
103,"와이즈유(영산대학교, 총장 부구욱)가 기말고사를 치르는 재학생들을 응원했다.와이즈유 대학혁신지원사업단(단장 조혁규)과 대학일자리센터(센터장 이효민)는 지난 15..."
104,"코로나19 사태가 길어지면서 대학들의 기말고사 풍경도 달라지고 있습니다. 대면 시험...코로나 학번' '사이버 대학교'라는 냉소에서, '등록금 환불 요구'라는 투쟁..."
106,제공=삼육대학교 [아시아경제 이현주 기자] 삼육대학교는 2학기 중간고사 전 주인 10월...수업으로 진행된다. 중간·기말고사는 대면시험을 원칙으로 한다. 과목 특성에...
107,"와이즈유(영산대학교, 총장 부구욱)가 기말고사를 치르는 재학생들을 위해 ‘기말고사 응원 이벤트’를 진행했다. 와이즈유 대학혁신지원사업단(단장 조혁규)과 대학일자리..."
108,"와이즈유(영산대학교, 총장 부구욱)가 기말고사를 치르는 재학생들을 위해 ‘기말고사 응원 이벤트’를 진행했다. 와이즈유 대학혁신지원사업단(단장 조혁규)과 대학일자리..."
109,"치르길 바란다”고 밝혔다.한편 제주대학교와 제주한라대학교, 제주관광대학교가 22일부터 기말고사를 실시했고 제주국제대학교는 오는 29일부터 기말고사를 진행할 계획..."
110,"와이즈유(영산대학교, 총장 부구욱)가 기말고사를 치르는 재학생들을 위해 ‘기말고사 응원 이벤트’를 진행했다. 와이즈유 대학혁신지원사업단(단장 조혁규)과 대학일자리..."
111,- 기말고사 위해 등교하는 학생들에게 환영의 마음도 전달[투데이안] 군산대학교가 1학기 기말고사 기간을 맞이해 교내 황룡도서관 앞 광장에서 `천원의 아침밥` 행사를...
112,(전북본부 = 송재춘 기자) 군산대학교가 1학기 기말고사 기간을 맞이하여 교내 황룡도서관 앞 광장에서 `천원의 아침밥` 행사를 하고 있다.`천원의 아침밥`은 기말고사 기간...
113,최근 인하대학교 기말고사 때 '집단 부정행위' 사건이 발생했다. 당시 부정행위에 가담한 학생은 무려 18명인 것으로 확인됐다.27일 인하대에 따르면 지난 10일 인하대 공대...
114,(대구=김병철 기자) 수성대학교는 추위 속에서 기말고사 및 각종 자격증 시험을 준비하는 학생들을 격려하는 `밥 잘 사주는 예쁜 도서관` 이벤트를 실시했다.김선순 총장과...
116,무엇일까. 전 변호사는 2000년대 초 대학교 1학년 때 만난 친구 이야기를 꺼냈다. 기말고사 즈음 친구가 힘들다며 만나자고 연락했다. 무슨 일인지 몰랐던 그는 시험 끝나고...
117,두기 2단계 격상에 따른 조치다. 삼육대학교는 21일 교무위원회를 열고 '2학기 수업운영...예정이다. 삼육대는 또한 중간·기말고사는 대면시험을 원칙으로 한다고 밝혔다...
118,일부 대학교의 재학생들에게 ‘숙소 10% 할인 쿠폰’을 지원한다고 19일 밝혔다. 긴급...원거리에 거주하는 대학생들은 기말고사 기간 동안 머무를 숙소를 급하게 구해야...
119,(군산=국제뉴스) 조판철 기자 = 군산대학교가 1학기 기말고사 기간을 맞이하여 교내 황룡도서관 앞 광장에서 '천원의 아침밥' 행사를 하고 있다. '천원의 아침밥'은 기말...
120,[베리타스알파=김하연 기자] 군산대학교가 1학기 기말고사 기간을 맞이하여 교내 황룡도서관 앞 광장에서 ‘천원의 아침밥’ 행사를 하고 있다. ‘천원의 아침밥’은 기말...
121,"[대학저널 황혜원 기자] 와이즈유(영산대학교, 총장 부구욱)가 기말고사를 치르는 재학생들을 위해 ‘기말고사 응원 이벤트’를 진행했다. 와이즈유 대학혁신지원사업단과..."
122,수업이 이루어지고 있는 가운데 22일 전북 전주시 전북대학교 무용학과 학생들이 마스크를 착용한 상태로 기말고사 실기시험을 치르고 있다. 전주=뉴시스 22일 대학가에...
123,아침 도시락을 주는 현장 © 이영노 [오늘뉴스=이영노 기자] 곽병선 군산대학교 총장이 1학기 기말고사 기간을 맞이하여 교내 황룡도서관 앞 광장에서 ‘천원의 아침밥...
124,둔 포인트가 있을까요? A. 3학년 1학기 기말고사가 끝난 직후부터 자기소개서를 작성...해줄 조언이 있다면요? A. 성균관대학교의 가장 큰 강점은 진로 탐색 기간을 제공...
125,"숙박 애플리케이션(앱) 여기어때는 기말고사 기간 대학생을 위한 숙박 할인 서비스를...며 이같이 밝혔다. 여기어때는 ""일부 대학교와 손잡고 재학생에게 숙소 10% 할인..."
126,[오가닉라이프신문 박연화 기자] 한국외국어대학교 온라인 강의 기말고사에서 700여명의 학생이 가담한 '집단 부정행위'가 발생해 대학 측이 진상조사에 나섰다. 22일 언론...
127,부산=연합뉴스) 손형주 기자 = 17일 오후 부산 금정구 부산대학교에서 학생들이 학교 안 커피숍에서 기말고사 공부를 하고 있다. 1학기 비대면 수업이 진행되고 있는 부산...
128,(전북=NSP통신) 김광석 기자 = 전북 군산대학교가 1학기 기말고사 기간을 맞아 교내 황룡도서관 앞 광장에서 ‘천원의 아침밥’ 행사를 진행하고 있다. ‘천원의 아침밥’은...
129,"계명대는 2만 여명의 재학생들이 1학기 기말고사를 대면시험으로 무사히 치루고, 계절...비상연락망을 구축했다. 인근 계명대학교 동산병원과도 협력체계를 구축해 신속한..."
130,지난달 7일 오후 경북 경산시 영남대학교 인근 카페에서 영남대 재학생이 1학기 중간...있다. 뉴스1 [파이낸셜뉴스] 대학 기말고사가 코앞으로 다가왔지만 대면시험을 원칙...
132,보이는 가운데 연세대학교가 10월 말 예정된 2학기 중간고사 기간까지 모든 수업을 전면...가지 방식으로 강의를 운영하고 중간·기말시험은 대면 평가를 원칙으로 한다고...
133,"기자 = 지난달 4일 대구 달서구 계명대학교 성서캠퍼스 음악공연예술대학에서 학생들이...진행한 가운데, 2주 뒤로 다가온 기말고사 방식을 놓고 논란이 계속되고 있다. 8일..."
134,수업 대신 온라인 수업으로 전환한 대학가가 기말고사를 앞두고 방역에 비상이 걸렸다...비대면 시험 방식을 채택하는 대학교도 있다. 부산대는 15일부터 3주간 대면평가...
135,지난 12일 서울 성북구 고려대학교 내 발열검진소에 이태원 방문 이력 알림 안내문이...서울=뉴스1) 정지형 기자 = 대학 기말고사가 얼마 남지 않았지만 시험 방식을 두고...
136,코로나19로 중간고사도 안 보고 넘어간 과목이 많은데 기말고사도 과제로 대체해버리는...같다”고 주장했다. 대학교 4학년 전모(25)씨도 “중간고사를 비대면으로 진행했을...
137,"비대면 강의를 이어오던 대학들이 대면 기말고사를 앞두고 있다. 학생들은 찬반으로...1일 대학가에 따르면 고려대학교, 한양대학교 등 서울 내 일부 대학은 최근 기말고사..."
138,"중간/기말고사 지필평가를 시행하지 않고 수행평가나 단원평가, 진로체험 위주의 시험과 활동을 진행한다. 원격 수업이 주를 이루고 있는 요즘 대부분의 학생들이 집에서..."
139,"22일부터 26일, 제주국제대가 오는 29일부터 다음 달 4일까지 등이다.대학교마다 아직까지 기말고사 방식이 정해지지 않았으나 이를 두고 교수진, 학사·교무부처에선 관련..."
140,둘러싼 갈등이 확산되고 있습니다. 일부 대학교에선 코로나 19로 인한 감염 우려나 지역...힘들다는 이유 등으로 비대면 기말고사를 요구하는 학생들과 부정행위 가능성 등...
141,대면시험 방침을 정했던 대구경북지역 대학교들이 기말고사 방식을 두고 몸살을 앓고 있다. 17일 오후 경북대학교 도서관에서 학생들이 거리두기를 하며 기말고사 준비를...
143,총장 김종수)가 지난 15일 전 교직원을 대상으로 ‘2020년 1학기 전공교과 대면 기말고사 시행을 위한 방역 및 학사운영 시뮬레이션 설명회’를 개최했다고 밝혔다. 앞서...
144,비대면 수업 방침을 잇달아 내놓고 있다. 17일 오후 부산 금정구 부산대학교에서 학생들이 기말고사에 응시하기 전 발열 체크를 하고 있다. 1학기 비대면 수업이 진행되고...
145,신문 한상형 기자] 삼육대학교(총장 김일목)는 2학기 중간고사 전 주인 7주차(10월 19일...수업으로 진행된다. 중간·기말고사는 대면시험을 원칙으로 한다. 과목 특성에...
146,조사에서 드러난 내용이고요. 춘천교육대학교에서 피아노 수업을 진행하는데 학생들이...박건진 > 저의 경우 1학기 기말고사 기간에 일주일 정도 학생들이 대면 시험을...
148,는 2만 여명의 재학생들이 1학기 기말고사를 대면시험으로 무사히 마치고 계절학기 준비...연락망을 구축했다. 인근 계명대학교 동산병원과도 협력체계를 구축해 신속한...
149,헤럴드경제=장연주 기자] 세종대학교(총장 배덕효)는 지난 22일부터 26일까지 올해 1학기 기말고사 기간을 맞아 대면 및 비대면 시험을 실시했다고 30일 밝혔다. 세종대는...
150,[내외일보=대구] 하청해 기자=계명문화대학교(총장 박승호) 도서관에서는 기말고사 기간을 맞아 학생들의 학업성적 향상과 면학분위기 조성을 위해 지난 17일 대학 도서관...
151,달 온라인 중간고사에서 단체로 답안을 공유한 학생들의 부정행위가 적발됐던 서강대학교. 기말고사를 열흘 앞둔 시점에서 고심 끝에 '선택적 패스제'를 시행하기로...
152,과목 기말고사에서 ‘수두파티를 파스퇴르의 관점에서 평가하라’는 문제를 낸 적이 있었다. 서술형 문제였지만 학생들이 쉽게 원하는 답을 쓰리라 기대하며 출제했던...
153,배재대 제공) © 뉴스1 (대전=뉴스1) 김종서 기자 = 대전 배재대학교가 오는 22일부터 시작되는 대면 기말고사를 앞두고 학교 방역에 총력을 기울이고 있다. 18일 배재대에...
154,"는 2만 여명의 재학생들이 1학기 기말고사를 대면시험으로 무사히 치루고, 계절학기...라인의 비상연락망을 구축했다. 인근 계명대학교 동산병원과도 협력체계를 구축해..."
155,[대학저널 신효송 기자] 군산대학교(총장 곽병선)가 1학기 기말고사 기간을 맞아 교내 황룡도서관 앞 광장에서 ‘천원의 아침밥’ 행사를 하고 있다. ‘천원의 아침밥’은...
156,[한국대학신문 이다솜 기자] 군산대학교(총장 곽병선)가 1학기 기말고사 기간을 맞아 교내 황룡도서관 앞 광장에서 ‘천원의 아침밥’ 행사를 하고 있다. ‘천원의 아침밥...
157,22일 서울 서대문구 이화여자대학교에서 열린 ‘등록금 반환·선택적 패스제 도입을...외치고 있다. 뉴스1 대학가가 기말고사 기간에 접어든 가운데 올해 비대면 수업으로...
158,"[뉴스프리존,천안=김형태 기자] 한국기술교육대학교(이하 코리아텍)는 1학기 기말고사를 전면 비대면 실시하기로 결정했다. 16일 코리아텍에 따르면 이번 비대면 기말고사는..."
159,(대구=국제뉴스) 백운용 기자 = 영진전문대학교(총장 최재영)는 12일 오후 기말고사를 치는 재학생을 격려하는 간식 나눔 행사를 가졌다.이날 행사는 'A+ 기말의 랩소디...
160,온라인 강의를 병행하고 있는 충남대학교가 오는 18일까지 대면 시험을 원칙으로 기말고사를 실시한다. 11일 충남대에 따르면 기말고사는 당초 12일부터 시작될 예정...
161,가천대학교 학생 2명이 확진 판정을 받은 가운데 지난 31일 경기 성남시 수정구보건소에...지역사회 전파 사례가 이어지면서 기말고사를 앞둔 대학들은 시험 실시방안 마련...
162,지난달 4일 대구 달서구 계명대학교 성서캠퍼스 음악공연예술대학에서 학생들이 대면...뉴스] 대학생 10명 중 7명이 이번 1학기 기말고사만큼은 ‘언택트’로 시험을...
163,"시험 집단 부정행위로 물의를 빚은 인하대학교가 부정행위 방지 대책을 대폭 강화해...치른다고 밝혔습니다. 대면 기말고사의 경우, 보건소를 비롯한 방역 당국과 인하대..."
164,30주년기념관 전경. © 뉴스1 (대전=뉴스1) 김종서 기자 = 대전대학교가 15~27일 1학기 대면 기말고사를 실시한다. 다만 신종 코로나바이러스 감염증(코로나19) 여파로...
166,대전대학교가 오는 15일부터 1학기 기말고사를 대면·비대면 방식으로 진행한다. 앞서 대전대는 지난달 26일부터 전체 2223개의 강좌를 대상으로 기말고사 운영방식을 접수...
167,"는 2만 여명의 재학생들이 1학기 기말고사를 대면시험으로 무사히 치루고, 계절학기...라인의 비상연락망을 구축했다. 인근 계명대학교 동산병원과도 협력체계를 구축해..."
168,[경북신문=지우현 기자] 계명대학교의 체계적인 방역 시스템이 1학기 기말고사를 대면시험으로 무난히 이끌었다.계명대는 지난 17일 이 학교 2만여명의 재학생들이 1...
170,"바이러스 감염증(코로나19) 확진자가 무더기로 발생하면서 대면 기말고사를 치르고 있는 한밭대학교에 비상이 걸렸다. 특히, 유성구 거주 50대 남성으로 방문판매업에 종사..."
171,국민대학교(총장 임홍재)가 코로나19 여파로 인해 학기말고사를 비대면 시험 위주로...대규모 도입한다. 나아가 이번 기말고사 기간을 기점으로 향후에도 온라인 교육을...
172,"코로나19 확산 가능성이 우려된다""며 ""기말고사는 비대면을 원칙으로 하되 제한적으로...명이 전수검사 대상이 됐다. 성균관대학교 [촬영 안철수] 성균관대는 비대면 시험을..."
173,한 대학교 직원들이 신종 코로나바이러스 감염증(코로나19) 예방을 위해 사회적 거리두기의 일환으로 강의실 책상의 간격을 조정하고 방역하고 있다. 사진은 기사와 직접적...
174,(인천=뉴스1) 정진욱 기자 = 경인여자대학교 간호학과 학생들이 19일 오후 고사장에서 기말고사를 치르고 있다. 경인여대는 코로나19 예방을 위해 7월 3일까지 시험기간을...
175,(인천=뉴스1) 정진욱 기자 = 경인여자대학교 간호학과 학생들이 19일 오후 고사장에서 기말고사를 치르고 있다. 경인여대는 코로나19 예방을 위해 7월 3일까지 시험기간을...
177,온라인 강의로 수업을 진행하고 있지만 기말고사 만큼은 대면 방식으로 치르겠다고 공지...적지 않다. 가천대학교에서는 지난달 중간고사를 치르기 위해 학교를 방문한...
178,"여러 대학교가 기말고사 기간을 맞은 가운데, 한동대학교(총장 장순흥)가 지난 11일 교내 학생식당에서는 아침 식사 무료 이벤트를 진행됐다. 이 이벤트는 한동대 장순흥..."
179,"국민대학교가 코로나19 여파로 학기말고사를 비대면 시험 위주로 운영하기로 하고, 온라인 시험 감독 시스템을 도입한다. 최근 비대면 방식의 학과(학부) 시험을 진행하는..."
180,"[뉴스프리존,전북=전광훈 기자] 군산대학교(총장; 곽병선)가 1학기 기말고사 기간을 맞아 교내 황룡도서관 앞 광장에서 ‘천원의 아침밥’ 행사를 하고 있다. ‘천원의 아침..."
181,대면 시험에서의 감염 우려 탓에 1학기 기말고사를 목전에 둔 학생들과 학교 측과의...9일 오후 서울 서대문구 연세대학교에서 한 학생이 중앙도서관으로 향하고 있다. 이날...
183,국민대학교가 코로나19 여파로 인해 학기말고사를 비대면 시험 위주로 운영하기 위해...도입한다고 5일 밝혔다. 나아가 이번 기말고사 기간을 기점으로 향후에도 온라인...
184,인하대학교 하이테크센터 한 강의실에서 전자공학과 학생들이 거리 두기를 유지하며 기말고사를 치르고 있다. 2020.6.15 tomatoyoon@yna.co.kr (끝) [이 시각 많이 본 기사...
187,"우려가 있고, 비대면시험일 때는 부정행위가 나올 수 있기 때문이다. 서울대학교는 3일 “기말고사는 대면, 비대면 방식 모두 가능하다”고 밝혔다. 그러면서 코로나19 감염..."
188,(인천=뉴스1) 정진욱 기자 = 경인여자대학교 간호학과 학생들이 19일 오후 고사장에서 기말고사를 치르고 있다. 경인여대는 코로나19 예방을 위해 7월 3일까지 시험기간을...
189,대학신문 조영은 기자] 세종대학교(총장 배덕효)는 22일부터 26일까지 2020-1학기 기말고사 기간을 맞아 대면 및 비대면 시험을 실시했다. 세종대는 최근 수도권의 코로나19...
190,대면 시험에서의 감염 우려 탓에 1학기 기말고사를 목전에 둔 학생들과 학교 측과의...9일 오후 서울 서대문구 연세대학교에서 한 학생이 중앙도서관으로 향하고 있다. 이날...
191,"기말고사 부정행위, 카톡으로 답 공유 [천지일보=김빛이나 기자] 신종 코로나바이러스...일고 있다. 24일 대학가에 따르면 중앙대학교 공공인재학부에 개설된 헌법 과목을..."
192,비대면 수업이 이루어지고 있는 22일 전북 전주시 전북대학교에서 무용학과 학생들을 대상으로 한 기말고사의 첫 대면 실기시험을 실시한 가운데 마스크를 착용한 학생이...
193,"사례가 잇따라 드러난 가운데, 이번에는 부산대학교 로스쿨 교수의 수업 태만 의혹이...않다가 종강을 불과 3주 앞두고 덜컥 기말고사를 예고한 탓에 학생들이 분통을..."
194,비대면 수업이 이루어지고 있는 22일 전북 전주시 전북대학교에서 무용학과 학생들을 대상으로 한 기말고사의 첫 대면 실기시험을 실시한 가운데 마스크를 착용한 학생들이...
196,지난달 7일 오후 경북 경산시 영남대학교 인근 카페에서 영남대 재학생이 1학기 중간...위에 오르면서 대전지역 대학들이 기말고사 대면시험 준비에 나서고 있다. 4일 대전...
197,신효송 기자] 세종대학교(총장 배덕효)는 지난 22일부터 26일까지 2020년 1학기 기말고사 기간을 맞아 대면 및 비대면 시험을 실시했다. 세종대는 최근 수도권의 코로나19...
198,"기말고사 방식을 두고 학생과 마찰을 빚던 한양대학교가 기존대로 대면시험을 진행합니다. 한양대학교 측은 어제(10일) 오후 ""대학 정책을 믿고 따라달라""면서, 학생 건강과..."
200,비대면 수업이 이루어지고 있는 22일 전북 전주시 전북대학교에서 무용학과 학생들을 대상으로 한 기말고사의 첫 대면 실기시험을 실시한 가운데 마스크를 착용한 학생들이...
201,비대면 수업이 이루어지고 있는 22일 전북 전주시 전북대학교에서 무용학과 학생들을 대상으로 한 기말고사의 첫 대면 실기시험을 실시한 가운데 마스크를 착용한 학생들이...
202,[파이낸셜뉴스] 대학교 기말고사 기간이 가까워지며 시험방식을 두고 논란이 뜨겁다. 코로나19 확진판정을 받은 학생들이 대면시험을 치른 것으로 알려진 가천대학교 사례와...
203,더리더 박영복 세종대학교(총장 배덕효)는 지난 6월 22일부터 26일까지 2020-1학기 기말고사 기간을 맞아 대면 및 비대면 시험을 실시했다.세종대는 최근 수도권의 코로나19...
204,명승일 기자] 세종대학교(총장 배덕효)는 지난 22일부터 26일까지 2020-1학기 기말고사 기간을 맞아 대면 및 비대면 시험을 실시했다. 세종대는 최근 수도권의 코로나19...
205,"[대학저널 임지연 기자] 계명대학교(총장 신일희)가 재학생 2만여 명의 1학기 기말고사를 대면시험으로 무사히 치루고, 계절학기 준비에 들어간다. 계명대는 6월 23..."
206,"명의 재학생들이 1학기 기말고사를 대면시험으로 무사히 치루고, 계절학기 준비에...비상연락망을 구축했다. 인근 계명대학교 동산병원과도 협력체계를 구축해 신속한 대처..."
207,"개최 © 로컬투데이 [로컬투데이=천안]주영욱기자/ 한국기술교육대학교(총장 이성기)는 1학기 기말고사를 전면 비대면 으로 실시하기로 결정하고, 6월 11일(목) 교내 총장실..."
209,계명대 1학기 기말고사 대면시험 모습.(사진제공=계명대) [아시아뉴스통신=박종률 기자] 계명대학교(총장 신일희)가 2만여명의 재학생들이 1학기 기말고사를 대면시험으로...
210,(인천=뉴스1) 정진욱 기자 = 경인여자대학교 간호학과 학생들이 19일 오후 고사장에서 기말고사를 치르고 있다. 경인여대는 코로나19 예방을 위해 7월 3일까지 시험기간을...
211,"는 2만 여명의 재학생들이 1학기 기말고사를 대면시험으로 무사히 치루고, 계절학기...라인의 비상연락망을 구축했다. 인근 계명대학교 동산병원과도 협력체계를 구축해..."
212,경희대가 학생들에게 보낸 '1학기 수업 운영 추가 안내'. 이 공지에는 기말고사는 대면시험을 원칙으로 한다고 명시돼 있다. 경희대학교 제공 [파이낸셜뉴스] 이태원 클럽발...
213,측의 시험 성적 조작 의혹이 제기된 남부대학교에 대한 압수수색을 실시하는 등 본격...것으로 전해졌다. 경찰은 A교수가 중간·기말고사 등에서 학생들 성적을 매기는 과정...
214,영산대학교(총장 부구욱·와이즈유)가 기말고사를 치르는 학생을 위해 '기말고사 응원 이벤트'를 15일 진행했다. 이날 영산대 대학혁신지원사업단(단장 조혁규)과 대학...
215,김정훈 기자 | 세종대학교(총장 배덕효)는 지난 6월 22일부터 26일까지 2020-1학기 기말고사 기간을 맞아 대면 및 비대면 시험을 실시했다고 30일 밝혔다. 세종대는 최근...
216,에디터] 세종대학교(총장 배덕효)는 지난 6월 22일부터 26일까지 2020-1학기 기말고사 기간을 맞아 대면 및 비대면 시험을 실시했다.세종대는 최근 수도권의 코로나19 집단...
217,세종대학교(총장 배덕효)는 지난 6월 22일부터 26일까지 2020-1학기 기말고사 기간을 맞아 대면 및 비대면 시험을 실시했다. 세종대는 최근 수도권의 코로나19 집단 감염이...
218,것을 밝혔습니다. 말씀하신 대로 연세대학교 같은 경우에는 비대면 면접 방식도 전형별...1학기에 몇몇 대학에서 비대면으로 교내 중간고사나 기말고사 진행 시에 부정행위...
219,"뉴스) 백운용 기자 = 영진전문대학교(총장 최재영)는 19일 오후 대학 도서관에서 기말고사 재학생 격려 행사를 가졌다. 이날 행사는 조각케익, 음료, 초코바, 워터젤리로..."
220,"사례가 잇따라 드러난 가운데, 이번에는 부산대학교 로스쿨 교수의 수업 태만 의혹이...않다가 종강을 불과 3주 앞두고 덜컥 기말고사를 예고한 탓에 학생들이 분통을..."
221,[스마트경제 복현명 기자] 세종대학교는 지난 22일부터 26일까지 2020-1학기 기말고사 기간을 맞아 대면·비대면 시험을 실시했다. 세종대는 최근 수도권의 코로나19 집단...
222,"11일 오전 대전 유성구 충남대학교 경상대학에서 학생들이 기말시험을 치르고 있다...집단감염 우려가 커지는 가운데, 대면 기말고사를 치르는 대학가에도 비상이 걸렸다..."
223,뉴시스】김재욱 기자 = 경산1대학교(총장 박소경)는 11일 오전 도서관 로비에서 기말고사를 치는 학생들을 응원하기 위해 간식 제공 이벤트를 진행했다. 떡과 커피우유와...
224,제공) 2019.12.16 /뉴스1 © News1 (광주=뉴스1) 박준배 기자 = 광주 호남대학교가 기말고사 시험을 치르는 학생들을 위한 '응원' 이벤트를 잇달아 열었다. 호남대학교...
225,지난 13일 서울 서대문구 연세대학교 제1공학관에서 출입하는 관계자들이 열화상카메라...다시 위기를 맞은 가운데 대학들은 기말고사 방식을 두고도 고심에 들어갔다. 대학...
226,전북 군산대학교가 코로나19로 비대면 수업 중인 가운데 1학기 기말고사 기간을 맞아 교내 황룡도서관 앞 광장에서`천원의 아침밥`행사를 하고 있다.24일 군산대에 따르면...
227,[베리타스알파=김하연 기자] 기말고사를 치러야 할 학생이 다른 학생의 코로나19 감염...되고 있다. 미담의 주인공은 울산대학교 공과대학학생회(회장 신수진․IT융합학부...
228,학생들의 손을 꼭 잡아주는 이권현 유한대학교 총장(맨 위 왼쪽 세번째)의 격려에 학생...함박웃음으로 화답한다. 대학별로 기말고사가 한창인 19일 이 대학 학생식당에서는...
229,정도의 전략으로 임하는 것이 가장 좋은 방법이라고 생각합니다. 현재 대학교 1학년 학생들이 기말고사 이후 반수를 생각하는 비율이 작년에 비해 다소 늘어나고 있는 추세...
230,세종대학교.(세종대 제공)/뉴스1 (서울=뉴스1) 정지형 기자 = 세종대학교는 수도권에...결정하기로 했다. 2학기 중간·기말고사 등 성적평가 방법도 코로나19 상황을 고려해...
232,"영진전문대학교(총장 최재영)는 기말고사를 준비하는 재학생을 위해 간식지원 행사를 가졌다.이 대학은 19일 오후 대학 도서관에서 조각케익, 음료, 초코바, 워터젤리로..."
233,사진=호남대 제공/자료사진) 한편 호남대학교는 코로나19의 재확산으로 위기상황이 지속...평가도 달라진다. 중간고사는 생략하고 기말고사를 실시하되 대면시험을 원칙으로...
234,이달 초 의대생 집단 부정행위 사태로 한차례 홍역을 치렀던 인하대학교가 대면 방식의 기말고사를 실시하기 위해 방역·부정행위 방지 등 대책 마련에 만반의 준비를...
235,세종대학교 전경 [세종대 제공] 세종대학교(총장 배덕효)는 최근 코로나19 집단 감염의...이에 따라 2학기 중간·기말고사 등의 성적평가 방법도 코로나19 상황을 고려하여...
236,지난 11일 서울 성북구 고려대학교 정문 앞에 설치된 ‘발열검진소’에서 한 직원이...재확산하자 일부 대학들이 비대면 방침을 기말고사나 여름 계절학기까지 연장하기로...
237,"송가영 기자] 넥슨(대표 이정헌)이 기말고사 기간을 맞아 대학생들을 응원하기...대학교·서울시립대학교·서울대학교·건국대학교·동국대학교·경의대학교, 강부산은..."
238,도내 각 대학에서 기말고사가 치러지고 있는 가운데 학생들은 ‘방역’과 ‘공정성’을...목소리를 내고 있다. 지난주 도내 우석대학교에서 코로나19 확진자가 나오면서...
239,보도합니다. [기자] 코로나19로 넉 달째 온라인 수업이 진행되고 있는 건국대학교. 기말고사를 일주일 앞두고 학교는 등록금을 일부 돌려주기로 했습니다. 1학기 수업이...
241,기자 = 성균관대학교가 19일 오후 서울 종로구 명륜3가 성균관대학교 중앙학술정보관 앞에서 학생들에게 기말고사 격려 간식을 나눠주고 있다. hyalinee@newsis.com...
242,"앓고 있다. 현재 고려대, 한양대, 홍익대학교 등은 대면시험 방식을 원칙으로 하며...확산 방지를 위해 4주(6.6~7.4) 동안 기말고사 일정을나눠대면 시행할 예정이다.주춤..."
243,한밭대학교는 교육과정의 지속적인 품질 관리와 질적 향상을 위해 올해 2학기부터 중간...3일 밝혔다. 그동안은 매 학기 기말강의평가를 통해 다음 학기에 보완하는 형태...
244,호남대학교(총장 박상철)가 2학기 개강과 함께 철저한 방역 대책을 시행한다. 호남대는 코로나19 방역을 위해 캠퍼스 내 모든 건물 입구에 스마트 출입 관리시스템 도입과...
245,있다. 20학번들은 컴퓨터 앞에 앉아 1학기 대부분을 보내고 결국 온라인으로 중간·기말고사를 치르면서 한 학기를 마쳤다. 2일 오전 대구 계명대학교 성서캠퍼스 아담스...
246,"세계로컬타임즈 김영식 기자] 세종대학교는 코로나19 확산 방지를 위해 올 1학기 기말고사를 원칙적으로 비대면 온라인으로 진행한 가운데, 일부 대면 평가도 병행했다..."
247,(지디넷코리아=방은주 기자)세종대학교(총장 배덕효)는 코로나19 집단 감염 재확산에...감안해 결정할 예정이다. 2학기 중간·기말고사 등의 성적평가 방법도 코로나19 상황...
248,"기자 = 넥슨(대표 이정헌)이 30일 기말고사 기간을 맞은 대학생들을 응원하기 위해 자사...대구, 강원, 대전 등 전국 20개 대학교를 직접 찾아가는 프로젝트로 12월 3일부터..."
249,세종대학교가 최근 코로나19 재확산으로 사회적 거리두기가 2.5단계로 격상됨에 따라...추후 결정한다. 이에 따라 2학기 중간·기말고사 등의 성적평가 방법도 코로나19...
250,직접 강의한 영상을 촬영하여 조선대학교 사이버캠퍼스에 업로드한다. 실험·실습·실기...상시 모니터링과 중간고사 후부터 기말고사 전 2차례의 수업평가를 진행하며 수업...
251,"독려하고, 취업준비에 지친 유한대학교 재학생들에게 위로와 격려를 주자는 취지에서...사랑이 가득한 간식 덕분에 기말고사 시험을 잘 치를 수 있을 것 같다""며 ""간식을..."
252,저널 백두산 기자] 삼육대학교(총장 김일목)는 2학기 중간고사 전 주인 7주차(10월 19일...수업으로 진행된다. 중간·기말고사는 대면시험을 원칙으로 한다. 과목 특성에...
253,대학가는 벌써 기말고사 기간에 들어갔습니다. 곧 1학기가 끝나고 방학이라는 얘긴데요...이윤영 기자의 보도입니다. 청주대학교 앞에서 11년째 분식집을 경영하고 있는...
254,재 확산됨에 따라 세종대학교(총장 배덕효)는 지난 22일부터 26일까지 올해 1학기 기말고사 기간을 맞아 대면 및 비대면 시험을 실시했다. 세종대는 원칙적으로 1학기 기말...
255,"선전을 기원하는 기말고사 이벤트를 벌였다.이번 이벤트는 이날부터 시작되는 대학교 기말고사를 치르는 학생들의 긴장을 풀어주고 응원하기 위해 마련한 것으로, ‘학생회..."
256,뉴시스】김재욱 기자 = 경산1대학교(총장 박소경)는 11일 오전 도서관 로비에서 기말고사를 치는 학생들을 응원하기 위해 간식 제공 이벤트를 진행했다. (사진=경산1대학교...
257,"기말고사 이벤트를 벌였다고 이날 밝혔다. 이번 이벤트는 이날부터 시작되는 대학교 기말고사를 치르는 학생들의 긴장을 풀어주고 응원하기 위해 마련한 것으로, ‘학생회가..."
258,"선전을 기원하는 기말고사 이벤트를 벌였다. 이번 이벤트는 이날부터 시작되는 대학교 기말고사를 치르는 학생들의 긴장을 풀어주고 응원하기 위해 마련한 것으로, ‘학생회..."
259,"선전을 기원하는 기말고사 이벤트를 벌였다.이번 이벤트는 이날부터 시작되는 대학교 기말고사를 치르는 학생들의 긴장을 풀어주고 응원하기 위해 마련한 것으로, ‘학생회..."
260,"선전을 기원하는 기말고사 이벤트를 벌였다.이번 이벤트는 이날부터 시작되는 대학교 기말고사를 치르는 학생들의 긴장을 풀어주고 응원하기 위해 마련한 것으로, ‘학생회..."
261,"마무리를 잘 할 수 있기를 바란다""고 전했다. 한편 서원대학교는 14일부터 19일까지 2015학년도 2학기 기말고사를 각 과목별로 시행하며 이후 21일부터 동기 방학에 들어간다."
262,[스마트경제=복현명 기자] 삼육대학교가 2학기 중간고사 전 주인 7주차(10월 19일)까지...수업으로 진행된다. 중간·기말고사는 대면시험을 원칙으로 한다. 과목 특성에...
263,[서울=뉴스핌] 이학준 기자 = 숭실대학교가 2020학년도 2학기 비대면 수업을 진행하기로...따라 다시 논의할 예정이다. 중간·기말고사는 절대평가로 실시된다. 4일 대학가...
264,"선전을 기원하는 기말고사 이벤트를 벌였다. 이번 이벤트는 이날부터 시작된 대학교 기말고사를 치르는 학생들의 긴장을 풀어주고 응원하기 위해 마련한 것으로, ‘학생회가..."
265,"여기어때 캠퍼스’와 제휴한 일부 대학교와 손잡고, 재학생이면 누구나 다운로드 할 수...30일까지 사용할 수 있으며, 대면 기말고사를 앞둔 원거리 거주자의 숙박비 부담을..."
266,호남대학교 [아시아경제 호남취재본부 윤자민 기자] 호남대학교(총장 박상철)는 2학기...시험평가도 달라진다. 중간고사는 생략하고 기말고사를 실시하되 대면시험을 원칙...
267,대한 상시 모니터링과 중간고사 후부터 기말고사 전 2차례의 수업평가를 진행하며 수업...의심환자 발생 시에는 조선대학교 보건진료소를 통해 즉시 대처한다. 조선대...
269,[광주=뉴시스] 송창헌 기자 = 조선대학교가 2학기 강의를 9월1일 개강 이후 28일까지...상시 모니터링과 중간고사 후부터 기말고사 전 2차례수업평가도 진행할 계획이다...
270,부정행위가 끊이지 않고 있습니다. 이번에는 한국외국어대학교에서 수백 명이 익명 대화방에 모여 기말고사 정답을 교환한 사실이 드러났습니다. 정반석 기자입니다. <기자...
271,기자 (서울=뉴스1) 황덕현 기자 = 서울대학교 총학생회 직무를 대행하고 있는 2020...19) 재확산을 이유로 2020학년도 기말고사를 전면 비대면으로 실시할 것을 대학 본부...
272,"A대학교 학생 일부가 '유증상에 확진자와 동선이 겹쳐도 시험을 치러 학교에 나올 것이냐'는 질문을 올렸고, 이에 많은 재학생들이 익명으로 답했다""며 ""이들 재학생 일부는..."
273,나눠주는 모습. (건국대 제공) © 뉴스1 (서울=뉴스1) 권형진 기자 = 건국대학교는 기말고사 시험기간을 앞두고 총학생회와 함께 11일 서울캠퍼스 학생회관 앞에서 학생들...
274,쿠폰'을 지원한다. 여기어때는 대면 기말고사를 앞둔 원거리 거주자의 숙박비 부담을...된다. 가입 전용 URL 및 쿠폰 코드는 각 대학교 총학생회 SNS(소셜 네트워크 서비스...
275,이어지고 있는 가운데 한 대학교 강의실에서 학생들이 사회적 거리두기를 유지하며 기말고사를 치르고 있다. 2020.6.15 연합뉴스 신종 코로나바이러스 감염증(코로나19...
276,뉴스) 이재기 기자 = 충북대학교(총장 윤여표)는 13일 충북대 중앙도서관 앞에서 기말고사를 준비하는 학생을 격려하기 위해 일명 `열공 야식`을 제공했다. 이날 윤여표...
277,갖는다. 고등학교 때와 완전히 다른 대학교 시스템을 신입생이 알 수 있게 돕기 위해서...수 있는 대면 시험이 있는 날에 입는 ‘기말고사룩’을 입는다는 학생도 있었다...
278,"기자] 대전대학교(총장 이종서)가 오는 15일부터 실시되는 ‘2020학년도 1학기 기말고사’를 앞두고 분주하다 11일 대전대에 따르면, 코로나19 사태에 따른 확산을 막고자..."
279,(사진=호남대 제공) 호남대학교(총장 박상철)는 코로나19의 재확산으로 위기상황이 지속...평가도 달라진다. 중간고사는 생략하고 기말고사를 실시하되 대면시험을 원칙으로...
280,"대전대, '1학기 기말고사’ 진행...방역대책 공지 © 로컬투데이 [로컬투데이=대전]주영욱기자/ 대전대학교(총장 이종서)가 오는 15일부터 실시되는 ‘2020학년도 1학기 기말..."
281,/ 사진=호남대학교 호남대학교는 '코로나19' 재확산으로 2학기 수업을 비대면과 대면을...시험평가도 달라진다. 중간고사는 생략하고 기말고사를 실시하되 대면시험을 원칙...
282,전 교직원이 코로나 방역에 총력을 기울이고 있다. 이에 서울여자간호대학교는 안전한 기말고사 환경을 위하여 시험 1주 전부터 재학생 대상 사전 자가 진단을 매일 실시...
283,​​​​​​​[한국강사신문 한상형 기자] 세종대학교(총장 배덕효)는 최근 코로나19 집단 감염의...했다. 이에 따라 2학기 중간·기말고사 등의 성적평가 방법도 코로나19 상황을...
284,사진=세종대학교 [이코노믹포스트=최민경 기자] 세종대학교가 다음달 4일까지 2학기...했으며 이에 따라 2학기 중간·기말고사 등의 성적평가 방법도 추후 논의할 계획이다...
285,신효송 기자] 인하대학교(총장 조명우)가 대면·비대면으로 치르는 올해 1학기 기말고사를 앞두고 철저한 방역 대책과 함께 부정행위 방지 대책을 내놨다. 기말고사 기간은...
286,이다솜 기자] 인하대학교(총장 조명우)가 대면·비대면으로 치르는 올해 1학기 기말고사를 앞두고 철저한 방역 대책과 함께 부정행위 방지 대책을 내놨다. 기말고사 기간은...
287,"대전대학교(총장 이종서)가 오는 15일부터 실시되는 ‘2020학년도 1학기 기말고사’를 앞두고 분주하다. 11일 대전대에 따르면, 코로나19 사태에 따른 확산을 막고자 기말..."
288,연암공과대학교가 신종 코로나바이러스 감염증(코로나19) 대비 방역 지침을 준수하면서...7월 3일까지 대면방식으로 기말고사를 진행하고 있다. 연암공대는 2020년 1학기...
289,충북 옥천군 충북도립대학교 전경. © 뉴스1 (옥천=뉴스1) 장인수 기자 = 충북도립대학교...실습은 대면수업으로 하고 중간고사와 기말고사는 대면평가로 한다. 이론·실습이...
290,"[베리타스알파=김하연 기자] 안산대학교(총장 안규철)는 6월 29일 기말고사 기간을 맞아 대면으로 시험을 치르는 학생들을 응원하기 위해 마련한 것으로, 발열체크, 학생 간..."
291,한국기술교육대학교가 지난 11일 교내 총장실에서 교직원과 학생대표 등이 참석한...을 개최했다. 이에 앞서 한기대는 1학기 기말고사를 전면 비대면으로 실시하기로 결정...
292,[대구=일요신문] 영진전문대학교가 다음달 8일까지 대면 기말고사 시험을 치른다. 영진은 기말시험을 위해 이 기간 복현캠퍼스와 글로벌캠퍼스(칠곡)를 개방한다. 시험기간...
293,시험 집단 커닝으로 물의를 빚은 인하대학교가 부정행위 방지 대책을 대폭 강화해 기말...절차를 거칠 예정입니다.비대면 기말고사는 화상회의 시스템을 활용해 신분 확인과...
294,"수 있으며, 대면 기말고사를 앞둔 원거리 거주자의 숙박비 부담을 줄이자는 취지를 담았다.여기어때의 긴급숙박지원 대상 대학교는 ▲고려대 ▲카이스트 ▲성균관대..."
295,"있다""고 밝혔다. 중앙대학교 정문 [촬영 임광빈] 중앙대의 한 법학 과목 중간고사와 기말고사에서는 카카오톡 채팅방을 통해 일부 학생들이 부정행위를 모의한 것이..."
296,직접 강의한 영상을 촬영하여 조선대학교 사이버캠퍼스에 업로드한다. 실험·실습·실기...상시 모니터링과 중간고사 후부터 기말고사 전 2차례의 수업평가를 진행하며 수업...
298,[한국대학신문 조영은 기자] 연암공과대학교(총장 안승권)가 철저한 방역대책을 시행...6월 18일부터 7월 3일까지 대면방식으로 기말고사를 진행한다. 연암공대는 2020...
300,직접 강의한 영상을 촬영하여 조선대학교 사이버캠퍼스에 업로드한다. 실험·실습·실기...상시 모니터링과 중간고사 후부터 기말고사 전 2차례의 수업평가를 진행하며 수업...
301,직접 강의한 영상을 촬영하여 조선대학교 사이버캠퍼스에 업로드한다. 실험·실습·실기...상시 모니터링과 중간고사 후부터 기말고사 전 2차례의 수업평가를 진행하며 수업...
302,직접 강의한 영상을 촬영하여 조선대학교 사이버캠퍼스에 업로드한다. 실험·실습·실기...상시 모니터링과 중간고사 후부터 기말고사 전 2차례의 수업평가를 진행하며 수업...
303,직접 강의한 영상을 촬영하여 조선대학교 사이버캠퍼스에 업로드한다. 실험·실습·실기...상시 모니터링과 중간고사 후부터 기말고사 전 2차례의 수업평가를 진행하며 수업...
304,직접 강의한 영상을 촬영하여 조선대학교 사이버캠퍼스에 업로드하는 방식이다. 실험...수업에 대한 상시 모니터링과 중간고사 후부터 기말고사 전 2차례의 수업평가를 진행...
305,[한국대학신문 조영은 기자] 안산대학교(총장 안규철)는 6월 29일 기말고사 기간을 맞아 대면으로 시험을 치르는 학생들을 응원하기 위해 ‘A+ 간식타임 이벤트’를 실시...
306,[대학저널 임지연 기자] 연암공과대학교(총장 안승권)가 철저한 방역대책을 시행하며...공정성 등의 문제 해결을 위해 대면 기말고사를 실시하게 됐다. 연암공대는 학생...
307,전영기)는 지난 14일 오후 교내 태랑마당 광장에서 전영기 총장과 행정부서장이 기말고사를 치르는 학생들을 격려하기 위해 빵과 음료를 나누어 주는 행사를 가졌다. 학생...
308,"[뉴스피크] 유한대학교(총장 이권현)는 기말고사 기간을 맞아 지난 17일 학생식당 중앙로비에서 500인분의 간식꾸러미(핫팩, 귤, 도너츠 등)와 따뜻한 오뎅국물을 재학생들..."
310,인천대학교 전경 [인천대학교 제공] 인천대학교는 온라인으로 치른 기말고사에서 집단 부정행위를 저지른 공과대학 소속 13명에 대해 해당 시험 성적을 0점 처리하고 상벌...
311,전영기)는 지난 14일 오후 교내 태랑마당 광장에서 전영기 총장과 행정부서장이 기말고사를 치르는 학생들을 격려하기 위해 빵과 음료를 나누어 주는 행사를 가졌다. 양승주...
312,신문=대전] 조수인 기자 = 배재대학교는 코로나19 감염 예방을 위해 올해 1학기 기말고사를 앞두고 대학 내 모든 건물의 방역 소독을 진행 중이라고 18일 밝혔다.배재대는...
313,"""간식 먹고 힘 내세요"" 유한대학교(총장 이권현)는 기말고사 기간을 맞아 12월 8일 학생식당 중앙로비에서 500인분의 간식꾸러미(핫팩, 귤, 도너츠, 견과류 등)와 제주도..."
314,"유한대학교(총장 이권현)는 기말고사 기간을 맞아 12월 8일 학생식당 중앙로비에서 500인분의 간식꾸러미(핫팩, 귤, 도너츠, 견과류 등)와 제주도 농민을 돕는자 취지로 귤..."
315,기자]인하대학교 인하대학교(총장 조명우)가 대면·비대면으로 치르는 올해 1학기 기말고사를 앞두고 철저한 방역 대책과 함께 부정행위 방지 대책을 내놨다. 기말고사 기간...
317,[한국대학신문 한명섭 기자] 대학가 기말고사가 시작된 가운데 비대면 기말고사를 치르는 국민대학교(총장 임홍재)가 '모니토'라는 온라인 시험감독 시스템을 활용해 부정...
318,"시간도 없는데 기말고사 준비까지 해야 한다는 학생의 넋두리에 공감하는 댓글이 줄을...채점도 하지 않고 피드백도 없다""며 ""대학교 수업이 설명이라도 해주는 '구몬수업..."
320,신문 박대호 기자] 중앙대학교(총장 박상규)가 당초 대면시험으로 치를 예정이던 기말고사를 비대면으로 전환했다. 박상규 중앙대 총장은 2일 발표한 ‘2020학년도 1...
321,"건국대학교 수의과대학이 5월 28일(목) ‘수의과대학 학생 대표자 회의(이하 수학대회...상반기 정기총회 대체 방안 논의, 기말고사 대면 시행에 대한 논의, 폐회 선언 순..."
322,"B 씨에게 자신의 공인인증서가 담긴 USB 장치를 주고, 서울의 한 사이버대학교 소방방재학과 기말고사 시험을 대신 치르게 한 혐의를 받습니다. A 씨는 또 지난 5월, B 씨..."
323,연세대학교 전경 (연세대 제공) 2018.1.3/뉴스1 © News1 (서울=뉴스1) 한유주 기자...를 받아들이지 않기로 했다. 학기말 고사가 임박한 시점에서 평가제도를 변경하는 것은...
324,"이학준 기자 = 서울대학교 학생들이 코로나19 확산 여파로 2020학년도 1학기 기말고사를 전면 비대면으로 실시할 것을 촉구했다. 다만 서울대는 ""변동사항이 없다""고 했다..."
325,"마련했다. 한국외대는 대면 방식 기말고사를 원칙으로 삼으려다가 이태원 클럽발 코로나...커닝 문제의 시발점이 된 인하대학교 의과대학의 경우 지난 3월 12일과 22일, 4월..."
326,있다.(사진제공=인하대학교) 인하대(총장·조명우)가 대면·비대면으로 치르는 올해 1학기 기말고사를 앞두고 철저한 방역 대책과 함께 부정행위 방지 대책을 내놨다. 기말고사
327,한동대학교는 최근 학생회관 앞 야외에서 기말고사를 맞은 학생들에게 야식을 나눠주는 ‘야식 이벤트’를 진행했다. 이날 행사에는 장순흥 총장과 신성만 학생처장이...
328,인천대학교 인문대학는 12. 4일에 2019학년도 기말고사 간식 나눔 행사를 진행하였다. 유혜배 인문대학장은 시험기간에는 통상 학생들이 간식 나눔 행사를 진행하였는데...
329,한 대학교 기말고사에서 황당한 소동이 벌어졌다.지난 18일 트위터에는 한 대학교 기말고사 과목 공지가 올라왔다. 담당 교수는 공지문에서 12월 17일 화요일 오후 2...
330,비대면 방식을 유연하게 적용하는 방식을 고려하고 있다. 중간고사서 부정행위가 드러난 대학교는 기말고사는 대면 방식으로 치르겠다고 결정한 상태다. 하지만 어떤 방식을...
331,"교수 재량에 맡기는 대학도 많다. 필자의 신한대학교 경우에는 대면시험, 과제물 대체...과제물 대체형식인 ppt 발표로 기말고사 진행을 예정하고 있다. 총의치기공학 전공..."
332,국민대학교가 기말고사에 대비해 도입하는 온라인 시험감독 시스템의 예시 (국민대 제공) © 뉴스1 (서울=뉴스1) 권형진 기자 = 국민대가 온라인 시험 감독 시스템을 도입...
334,있는 것으로 풀이된다. 한양대 측은 기말고사를 대면시험으로 치르겠다는 방침을 지난...달리 대구지역 주요 4년제 대학교들은 대체로 대면시험을 준비하고 있는 것으로...
336,제주대학교(총장 송석언)가 신종 코로나바이러스(코로나19) 상황과 무관하게 1학기 말...별 1학기 성적을 산출하기 위해선 기말고사가 더 중요해졌기 때문이다. 제주대는...
337,춘천=연합뉴스) 양지웅 기자 = 강원대학교는 올해 2학기 수업을 수강 인원과 형태에...대면' 방식으로 운영한다. 중간·기말시험은 출석 고사를 원칙으로 한다. 강원대는...
338,전북대학교 학생 10명 중 9명은 코로나19 속에서 비대면 기말고사를 원하는 것으로 조사됐다.전북대 총학생회가 학생 4740명을 대상으로 지난달 17일 조사한 ‘기말 평가...
339,각종 자격증 시험을 준비하는 학생들을 격려하기 위해 ‘기말고사 칠 무렵’ 이벤트를 실시했다. 수성대학교는 이날 1000여 명의 학생들에게 밥버거와 음료수를 나눠줬으며...
340,오히려 고사시키는 방향으로 진행되고 있어 문제가 심각하다. 이러한 상황에서 지역대학...여덟 번째로 나주혁신도시에 위치한 동신대학교의 최 일 총장을 만났다. <편집자...
341,© 뉴스1 (부산=뉴스1) 노경민 기자 = 동아대학교는 2020학년도 2학기 학부 수업을 '대면...운영하는 방식이다. 중간고사와 기말고사의 경우 대면 평가를 원칙으로 한다...
342,대학가 대면 기말고사 (부산=연합뉴스) 6월 17일 오후 부산 금정구 부산대학교에서 학생들이 기말고사에 응시하기 전 발열 체크를 하고 있다. 1학기 비대면 수업이 진행되고...
343,고려대학교 입학을 선택했다. 대학 무대에서도 2학년 때부터 바로 주전 선수로 올라섰다. 2학년 시즌엔 11경기 타율 0.375를 기록하며 팀 타선을 이끌었다. 발목 부상으로...
345,"© News1 DB (서울=뉴스1) 이상학 기자,이승환 기자 = 한국외국어대학교 온라인 강의 기말고사에서 700여명의 학생이 가담한 '집단 부정행위'가 발생해 대학 측이 진상조사에..."
346,귀가하도록 안내할 예정이다. 한편 호남대학교는 코로나19의 재확산으로 위기상황이...평가도 달라진다. 중간고사는 생략하고 기말고사를 실시하되 대면시험을 원칙으로...
347,"되는 것 같다."" 고 답했다. 역시 기말고사를 준비하던 김재원(광고홍보언론학과10)학생...것 같다."" 고 말했다. 이날 목원대학교 중앙도서관에서는 특별한 행사가 있었다..."
349,15일 인천시 미추홀구 인하대학교 하이테크센터 강의실에서 전자공학과 학생들이 거리두기를 하며 기말고사를 치르고 있다. /김용국기자 yong@kyeongin.com
350,"신문, 고시위크=김민주 기자] 최근 부산대학교 법학전문대학원(이하 부산대로스쿨) 형법 교수가 수업을 한 번도 하지 않은 채 기말고사를 치르겠다고 하면서 학생들이 분통..."
351,한밭대학교 전경 김정환 기자 국립 한밭대학교가 교육과정의 지속적인 품질 관리 및...3일 밝혔다. 그 동안은 매 학기 기말강의평가를 통해 다음 학기에 보완하는 형태...
352,24일 대구 북구 산격동 경북대학교에 기말고사 시즌을 맞아 신종 코로나바이러스 감염증(코로나19) 유증상자를 위한 별도의 시험공간이 마련돼 있다./대구=연합뉴스 [서울...
353,(청주=국제뉴스) 이재기 기자 = 충북대학교(총장 윤여표)는 7일 오후 8시 충북대 중앙...1000여명의 학생들에게 직접 나눠주며 기말고사를 준비하는 학생들을 응원했다...
354,[대전=뉴스충청인] 국립 한밭대학교(총장 최병욱)는 교육과정의 지속적인 품질 관리 및...밝혔다. 그 동안은 매 학기 기말강의평가를 통해 다음 학기에 보완하는 형태였으나...
355,(대구=연합뉴스) 김현태 기자 = 24일 대구 북구 산격동 경북대학교에 기말고사 시즌을 맞아 신종 코로나바이러스 감염증(코로나19) 유증상자를 위한 별도의 시험공간이 마련...
358,즉시 귀가하도록 안내할 예정이다.호남대학교는 코로나19의 재확산으로 위기상황이 지속...평가도 달라진다. 중간고사는 생략하고 기말고사를 실시하되 대면시험을 원칙으로...
359,귀가하도록 안내할 예정이다.한편 호남대학교는 코로나19의 재확산으로 위기상황이 지속...평가도 달라진다. 중간고사는 생략하고 기말고사를 실시하되 대면시험을 원칙으로...
361,교육부 출신이지만 가만히 두어도 자연 고사할 만큼 어려운 지방중소규모대학들이 3주기...마쳤다고 자평한다. 소규모 대학교의 장점을 살려서 기말시험은 전부 오프라인...
362,귀가하도록 안내할 예정이다. 한편 호남대학교는 코로나19의 재확산으로 위기상황이...평가도 달라진다. 중간고사는 생략하고 기말고사를 실시하되 대면시험을 원칙으로...
363,한밭대학교는 교육과정의 지속적인 품질 관리 및 질적 향상을 위해 올해 2학기부터 중간...학교에 따르면 그동안 매 학기 기말강의평가를 통해 다음 학기에 보완하는 형태...
364,귀가하도록 안내할 예정이다. 한편 호남대학교는 코로나19의 재확산으로 위기상황이...평가도 달라진다. 중간고사는 생략하고 기말고사를 실시하되 대면시험을 원칙으로...
365,이준희 기자] 국립 한밭대학교(총장 최병욱)는 15일부터 27일까지 2주간 1학기 기말고사에 돌입했다. 이번 학기는 코로나19 여파로 비대면 평가가 원칙이나 제한적으로 승인...
366,국립 한밭대학교(총장 최병욱)는 지난 15일부터 27일까지 2주간 1학기 기말고사에 돌입했다. 이번 학기는 코로나19 여파로 비대면 평가가 원칙이나 제한적으로 승인받은...
367,[세계뉴스통신/=고일용 기자] 국립 한밭대학교(총장 최병욱)는 교육과정의 지속적인...3일 밝혔다. 그 동안은 매 학기 기말강의평가를 통해 다음 학기에 보완하는 형태...
368,[MBS 대전 = 이준희 기자] 국립 한밭대학교(총장 최병욱)는 교육과정의 지속적인 품질...3일 밝혔다. 그 동안은 매 학기 기말강의평가를 통해 다음 학기에 보완하는 형태...
369,국립 한밭대학교(총장 최병욱)는 교육과정의 지속적인 품질 관리 및 질적 향상을 위해...3일 밝혔다. 그 동안은 매 학기 기말강의평가를 통해 다음 학기에 보완하는 형태...
370,학기에 대면과 비대면 수업 방식을 병행할 전망입니다. 충북도립대학교는 다음 학기 현장실습과 중간·기말고사에 한해 대면 방식을 원칙으로 하고 이론 수업은 5주 이상...
371,현대경제연구원 연구용역 결과 24일 대구 북구 산격동 경북대학교에 기말고사 시즌을 맞아 신종 코로나바이러스 감염증 유증상자를 위한 별도의 시험공간이 마련돼 있다...
372,국립 한밭대학교(총장 최병욱)는 교육과정의 지속적인 품질 관리 및 질적 향상을 위해...운영한다고 3일 밝혔다.그 동안은 매 학기 기말강의평가를 통해 다음 학기에 보완...
373,홍대인 기자] 국립 한밭대학교(총장 최병욱)는 15일부터 27일까지 2주간 1학기 기말고사에 돌입했다.이번 학기는 코로나19 여파로 비대면 평가가 원칙이나 제한적으로 승인...
374,국립 한밭대학교는 교육과정의 지속적인 품질 관리 및 질적 향상을 위해 금번 2학기부터...운영한다고 3일 밝혔다.그동안은 매 학기 기말강의평가를 통해 다음 학기에 보완...
375,국립 한밭대학교(총장 최병욱)는 15일부터 27일까지 2주간 1학기 기말고사에 돌입했다.이번 학기는 코로나19 여파로 비대면 평가가 원칙이나 제한적으로 승인받은 교과목에...
376,5일 오전 서울 관악구 서울대학교에서 열린 '기말고사 실시 방침 변경 촉구 기자회견'에서 최대영 총학생회 직무대행이 코로나19 유행에 따른 학생 건강권 보장을 위해...
377,귀가하도록 안내할 예정이다. 한편 호남대학교는 코로나19의 재확산으로 위기상황이...평가도 달라진다. 중간고사는 생략하고 기말고사를 실시하되 대면시험을 원칙으로...
380,가는 지금 봇물처럼 터져나오고 있는데요. 오늘 뉴스따라잡기는 대학교 현장을 찾아가봤습니다. [리포트] 기말고사가 한창 치러지고 있는 서울의 한 대학교입니다. 지난...
381,"한밭대학교는 교육과정의 질적 향상을 위해 2학기부터 중간강의점검을 도입한다. 그동안은 매 학기 기말강의 평가를 통해 다음 학기에 보완하는 형태로 운영됐으나, 앞..."
382,"기자] 국립 한밭대학교(총장 최병욱, 이하 한밭대)는 15일부터 27일까지 1학기 기말고사에 돌입했다고 16일 밝혔다. 이번 학기는 신종 코로나바이러스 감염증(코로나19..."
383,[에너지경제신문 송기우 에디터] 세종대학교(총장 배덕효)는 최근 코로나19 집단 감염의...이에 따라 2학기 중간·기말고사 등의 성적평가 방법도 코로나19 상황을 고려하여...
384,【대전=코리아플러스】 장영래 기자 = 국립 한밭대학교는 15일부터 27일까지 2주간 1학기 기말고사에 돌입했다. 이번 학기는 코로나19 여파로 비대면 평가가 원칙이나 제한...
385,[대전=뉴스충청인] 국립 한밭대학교(총장 최병욱)는 15일부터 27일까지 2주간 1학기 기말고사에 돌입했다. 이번 학기는 코로나19 여파로 비대면 평가가 원칙이나 제한적으로...
386,CTN>정민준 기자ㅣ국립 한밭대학교(총장 최병욱)가 15일부터 27일까지 2주간 1학기 기말고사에 돌입했다. 이번 학기는 코로나19 여파로 비대면 평가가 원칙이나 제한적으로...
387,국립 한밭대학교(총장 최병욱)는 15일부터 27일까지 2주간 1학기 기말고사에 돌입했다.이번 학기는 코로나19 여파로 비대면 평가가 원칙이나 제한적으로 승인받은 교과목에...
388,세종대학교(총장 배덕효)는 최근 코로나19 집단 감염의 재확산으로 수도권에 사회적...했다. 이에 따라 2학기 중간·기말고사 등의 성적평가 방법도 코로나19 상황을...
389,대구 북구 산격동 경북대학교에 기말고사 시즌을 맞아 신종 코로나바이러스 감염증(코로나19) 유증상자를 위한 별도의 시험공간이 마련돼 있다. 연합뉴스 대구시가 신종...
390,접촉자 175명에 대한 검사가 진행 중이다. 24일 대구 북구 산격동 경북대학교에 기말고사 시즌을 맞아 코로나19 유증상자를 위한 별도의 시험공간이 마련돼 있다. 연합뉴스...
391,머니투데이 더리더 박영복 세종대학교(총장 배덕효)는 최근 코로나19 집단 감염의...했다.이에 따라 2학기 중간·기말고사 등의 성적평가 방법도 코로나19 상황을 고려...
393,장순흥 한동대학교 총장이 지난 15일 교내 학생회관 앞에서 기말고사를 맞은 학생들에게 빵과 음료를 나눠주는 야식 이벤트를 진행했다.
394,"호남대학교(총장 박상철)는 1일 2학기 개강과 함께 철저한 코로나19 방역을 위해 캠퍼스 내 모든 건물 입구에 스마트 출입 관리시스템 도입, 비대면 안면인식 발열감지..."
395,대학교 온라인 강의 진행 (PG) [장현경 제작] 일러스트 (서울=연합뉴스) 김주환 김철선...온·오프라인 시험은 불허한다'며 '기말시험은 필수로 실시한다'고 명시했다. 또...
396,[매일일보 이재빈 기자] 세종대학교는 최근 코로나19 집단 감염의 재확산으로 수도권에...이에 따라 2학기 중간·기말고사 등의 성적평가 방법도 코로나19 상황을 고려하여...
397,[이코노믹리뷰=곽예지 기자] 세종대학교는 최근 신종 코로나바이러스 감염증(코로나19...했다.이에 따라 2학기 중간·기말고사 등의 성적평가 방법도 코로나19 상황을...
398,직접 강의한 영상을 촬영하여 조선대학교 사이버캠퍼스에 업로드한다. 실험·실습·실기...상시 모니터링과 중간고사 후부터 기말고사 전 2차례의 수업평가를 진행하며 수업...
399,[에듀인뉴스=지성배 기자] 세종대학교는 오는 10월 4일까지 5주간 2학기 모든 수업을...했다. 이에 따라 2학기 중간·기말고사 등의 성적평가 방법도 코로나19 상황을 고려...
401,세종대 제공세종대학교가 “최근 코로나19 집단 감염의 재확산으로 수도권에 사회적...했다. 이에 따라 2학기 중간·기말고사 등의 성적평가 방법도 코로나19 상황을...
402,[서울=뉴스프리존] 모태은 기자= 세종대학교(총장 배덕효)는 최근 코로나19 집단 감염의...이에 따라 2학기 중간·기말고사 등의 성적평가 방법도 코로나19 상황을 고려하여...
403,[천지일보=명승일 기자] 세종대학교(총장 배덕효)는 최근 코로나19 집단 감염의 재확산...이에 따라 2학기 중간·기말고사 등의 성적평가 방법도 코로나19 상황을 고려하여...
404,[대학저널 백두산 기자] 세종대학교(총장 배덕효)는 최근 코로나19 집단 감염의 재확산...했다. 이에 따라 2학기 중간·기말고사 등의 성적평가 방법도 코로나19 상황을...
405,[스마트경제=복현명 기자] 세종대학교가 최근 코로나19 집단 감염의 재확산으로 수도권...했다. 이에 따라 2학기 중간·기말고사 등의 성적평가 방법도 코로나19 상황을...
406,세종대학교는 최근 코로나19 집단 감염의 재확산으로 수도권에 사회적 거리두기 2.5단계...이에 따라 2학기 중간·기말고사 등의 성적평가 방법도 코로나19 상황을 고려하여...
407,직접 강의한 영상을 촬영하여 조선대학교 사이버캠퍼스에 업로드한다. 실험·실습·실기...상시 모니터링과 중간고사 후부터 기말고사 전 2차례의 수업평가를 진행하며 수업...
408,[한국대학신문 조영은 기자] 세종대학교(총장 배덕효)는 최근 코로나19 집단 감염의...했다. 이에 따라 2학기 중간·기말고사 등의 성적평가 방법도 코로나19 상황을...
409,세계로컬타임즈 김영식 기자] 세종대학교는 최근 코로나19 집단 감염의 재확산으로...방침이다. 이에 따라 2학기 중간·기말고사 등의 성적평가 방법도 코로나19 상황을...
410,직접 강의한 영상을 촬영하여 조선대학교 사이버캠퍼스에 업로드한다. 실험·실습·실기...상시 모니터링과 중간고사 후부터 기말고사 전 2차례의 수업평가를 진행하며 수업...
411,백운용 기자 = 대구과학대학교(총장 박준) 총학생회는 17일 2019학년도 1학기 기말고사 기간을 맞아 학우들을 위해 'A+ 간식 이벤트'를 진행했다.아침 일찍부터 시험공부를...
412,"부정행위자를 엄벌하겠다고 밝혔지만, 기말고사에서도 부정행위는 이어졌다. 익명대화방...지난달 22일 오전 대전의 한 대학교에서 총학생회가 각 강의동에 붙여 놓은 신종..."
413,부산과학기술대학교(총장 강기성)는 지난 16일 학생복지센터 입구에서 등교하는 학생들에게 간식쿠폰을 제공하는 기말고사 응원 이벤트를 실시했다.
414,"면서 ""기말고사는 비대면을 원칙으로 하되 제한적으로 대면 시험을 허용해야 한다""고...하지만 최근 중간고사를 대면 시험으로 치른 가천대학교에 코로나19 확진자가 잇따라..."
415,1학기 기말고사를 마치고 첫 여름방학을 맞아 고향인 북간도 용정(龍井)으로의 귀향을 앞둔 때다. 달력의 날짜는 주기적으로 변한다. 현재는 1938년 7월 25일이지만 언젠가...
416,[KBS 청주]충북대학교가 기말고사 등으로 원거리 통학을 해야 하는 일부 학생들에게 생활관 단기 거주를 허용합니다. 신청은 올해 1학기 생활관생 중 대면시험을 보는...
417,대학교 온라인 강의 진행 (PG) [장현경 제작] 일러스트 (대전=연합뉴스) 김소연 기자...대전지역 대학들이 이번 주부터 잇따라 기말시험을 치른다. 대면 시험을 치르는 대학...
418,대한 상시 모니터링과 중간고사 후부터 기말고사 전 2차례의 수업평가를 진행하며 수업...의심환자 발생 시에는 조선대학교 보건진료소를 통해 즉시 대처한다. 민영돈...
419,지난달 17일 부산대학교에서 학생들이 기말고사에 응시하기 전 발열 체크를 하고 있다. 1학기 비대면 수업이 진행되고 있는 부산대학교는 15일부터 3주간 대면평가 방식으로...
420,교체했음)=사진=국민대제공 국민대학교(총장 임홍재)가 코로나19 여파로 인해 학기말...시스템을 도입한다. 나아가 이번 기말고사 기간을 기점으로 앞으로도 온라인 교육을...
422,[매일일보 김양훈 기자] 인천대학교 인문대학은 4일 2019학년도 기말고사 간식 나눔 행사를 진행했다. 유혜배 인문대학장은 시험기간에는 통상 학생들이 간식 나눔 행사를...
423,[톡톡뉴스] 호남대학교(총장 박상철)는 코로나19의 재확산으로 위기상황이 지속됨에...평가도 달라진다. 중간고사는 생략하고 기말고사를 실시하되 대면시험을 원칙으로...
424,[베리타스알파=김하연 기자] 호남대학교(총장 박상철)는 코로나19의 재확산으로 위기...평가도 달라진다. 중간고사는 생략하고 기말고사를 실시하되 대면시험을 원칙으로...
425,오늘뉴스=충남/이상의 기자] 충남 공주대학교(총장직무대행 김창호) 인문사회과학대학은...9일(수) 오후 8시 인문사회관 로비에서 기말고사 기간에 시험 준비를 위해 늦은...
426,호남대학교(총장 박상철)는 코로나19의 재확산으로 위기상황이 지속됨에 따라 2학기...평가도 달라진다. 중간고사는 생략하고 기말고사를 실시하되 대면시험을 원칙으로...
427,사진은 선린대학교 전경. [포항=뉴시스] 강진구 기자 = 경북 포항의 선린대학교(총장...계획이다. 중간·기말고사 등의 평가는 1학기 기말고사 전면 출석시험에 대한 경험...
428,호남대학교가 ‘코로나19’ 재확산에 대비해 2학기 개강일인 9월1일부터 11일까지 수업...진행된다. 시험평가는 중간고사를 생략하고 기말고사를 실시하되 대면시험을 원칙...
429,한국외국어대학교(한국외대) 온라인 강의 기말고사에서 재학생 700여명 규모의 집단 부정행위가 발생했다. /사진=뉴시스 한국외국어대학교(한국외대) 온라인 강의 기말고사...
431,"대한 징계 수위를 결정할 계획이다. 한양대학교 언론정보대학원 관계자는 19일 미디어...학생은 중간고사는 높은 점수로 통과했지만, 기말고사는 통과 못 했다. 최종적으로..."
432,국민대학교(총장 임홍재)가 코로나19 여파로 인해 학기말고사를 비대면 시험 위주로...도입한다고 5일 밝혔다. 나아가 이번 기말고사 기간을 기점으로 향후에도 온라인 교육...
433,계명대학교는 최근 코로나19 극복을 위한 특별장학금으로 2학기 등록 대상자에게 1인당 20만 원씩 지급하기로 결정했다고 7일 밝혔다. 특별장학금 규모는 전체 재학생 2만...
434,재량에 따라 과제 제출로 대체하거나 기말고사만 치르는 방식으로 바뀌고 있다. 1학기...교육 비중이 높은 충북도립대학교의 경우 중간고사를 자율적으로 실시한다는 방침...
435,[대학저널 황혜원 기자] 호남대학교(총장 박상철)는 코로나19의 재확산으로 위기상황이...운영할 방침이다. 아울러 중간고사는 생략하고 기말고사를 실시한다. 대면시험을...
436,"[옥천]충북도립대학교는 2학기 개강을 앞두고 수업방식을 대면, 비대면으로 혼합하기로...간 대면수업을 실시한다. 중간고사와 기말 고사는 대면평가로 진행한다. 또한 이론..."
437,"비대면으로 혼합하기로 했다. 충북도립대학교(총장 공병영)는 신종 코로나바이러스...기간 대면수업을 실시하며, 중간고사와 기말고사는 대면평가로 진행한다. 또한 이론..."
438,<이 기사는 김영섭 부경대학교 총장의 이임을 앞두고 지난 6월 10일 진행된 인터뷰...대연캠퍼스를 찾았다. 예년 같았으면 기말고사로 바삐 움직이는 학생들로 시끌벅적했을...
439,"제도를 설계할 수 있는 곳이 되었으면 좋겠다""고 덧붙였다. 연세대학교 학생들은 다가오는 기말고사를 앞두고 머니투데이에 학교 측의 소통과 대책을 촉구하는 피해 문서를..."
440,국민일보 DB 한국외국어대학교의 한 교양과목 온라인 기말고사에서 학생들이 집단 부정행위를 벌인 것으로 확인됐다. 학교 측은 진상조사에 나섰다. 23일 대학가에 따르면...
442,고려하여 2020년 1학기 기말고사가 종료된 후 모의고사와 학생부 종합전형에 대한 설계...대입하여 자기 성적에 맞는 대학교와 학과를 면밀히 따져보며 준비해 가는 것...
443,조건이 생겼다. 공부도 잘해야 하니 기말고사 평균 90점 이상을 넘어야 한다고. 결과는...떠올렸다. 프로 지명을 꿈꿨던 그는 대학교에서 다시 한 번 꿈을 이루기 위한 시간...
444,한국외국어대학교(한국외대) 온라인 강의 기말고사에서 재학생 700여명 규모의 집단 부정행위가 발생했다. /사진=뉴시스 한국외국어대학교(한국외대) 온라인 강의 기말고사...
445,조선대학교는 다음달 1일부터 28일까지 2학기 강의를 모두 비대면 수업으로 운영하기로 결정했다. 앞서 지난 7월 올 2학기 수업을 대면과 비대면 방식을 혼합(Blended)해...
446,대구=연합뉴스) 최수호 기자 = 경북대학교는 대구·경북지역 신종 코로나바이러스...결정하도록 했다. 중간·기말고사는 기간을 별도로 정하지 않고 담당 교원이 일정...
447,"주성남 기자]사진=숭실대학교 평생교육원 숭실대학교 총장산하 학점은행제 교육기관인...교육원(구 전산원, 음악원)은 기말고사 기간을 앞두고 학생들의 학구열 증진 및..."
449,<옥천/CTN>이기국 기자 = 충북도립대학교 교직원들이 기말고사 기간 야간활동을 하는 학생 안전을 위해 자발적으로 순찰에 나섰다. 충북도립대학교(총장 공병영)는 지난...
450,(경북=NSP통신) 조인호 기자 = 포항대학교(총장 한홍수) 학술정보관은 기말고사 기간을 맞아 학업에 지친 학생들을 격려하기 위해 지난 7일 평보도서관 북카페 내에서 간식...
451,항의에도 대학 측은 시험을 강행했다. 5일 오전 서울 관악구 서울대학교에서 열린 '기말고사 실시 방침 변경 촉구 기자회견'에서 최대영 총학생회 직무대행이 코로나19 유행...
452,공정성 논란으로 인해 많은 대학이 대면 시험을 기준으로 삼고 있다. 선문대학교도 기말고사를 대면 시험 기준으로 하되 학생과 교수가 협의해 대면과 혼합 형태로 진행하고...
453,(대구=국제뉴스) 백운용 기자 = 계명문화대학교(총장 박승호) 도서관에서는 기말고사 기간을 맞아 학생들의 학업성적 향상과 면학분위기 조성을 위해 지난 1일 대학 도서관...
454,"시간도 없는데 기말고사 준비까지 해야 한다는 학생의 넋두리에 공감하는 댓글이 줄을...채점도 하지 않고 피드백도 없다""며 ""대학교 수업이 설명이라도 해주는 '구몬수업..."
455,숭실대학교 글로벌미래교육원이 특성화고 대학진학 진로의 대안으로 주목받고 있다. 9월...점수에 반영하지 않기로 해 중간·기말고사 성적으로 대비해야 한다. 이처럼 서울...
456,공정성 논란으로 인해 많은 대학이 대면 시험을 기준으로 삼고 있다. 선문대학교도 기말고사를 대면 시험 기준으로 하되 학생과 교수가 협의해 대면과 혼합 형태로 진행하고...
457,"서강대학교 일부 학생들이 온라인 중간고사에서 부정행위를 저지른 사실이 드러났습니다...해당 과목의 중간고사 성적을 무효로 처리하고, 기말고사만으로 학생들을 평가..."
458,[경인방송=강명윤 기자](앵커)집단 컨닝으로 물의를 빚었던 인하대학교가 결국 기말고사를 대면 시험으로 치르기로 했습니다.공정성을 위해 온라인과 오프라인 시험을 병행...
459,공정성 논란으로 인해 많은 대학이 대면 시험을 기준으로 삼고 있다. 선문대학교도 기말고사를 대면 시험 기준으로 하되 학생과 교수가 협의해 대면과 혼합 형태로 진행하고...
460,영진전문대학교가 기말고사 기간인 10일 오후 재학생을 격려하는 간식 나눔 행사를 펼쳤다. 이날 행사는 복현캠퍼스와 글로벌캠퍼스(칠곡)에서 진행됐는데‘간식이 올 무렵...
462,"수업을 치르고 싶으면 혈서라도 받아오라""는 말이었습니다. 한양대학교 캠퍼스에는 이렇게 기말고사 비대면 시험과 함께 학교본부의 소통을 요구하는 현수막이 곳곳에 걸려..."
463,"기존 학교 방침에 따라 중간고사는 무효 처리하고, 기말고사만으로 평가하기로 결정했다...게재한 것으로 알려졌다. 서강대학교 총학생회 페이스북에 올라온 시험 부정..."
464,전 발열 체크 (부산=연합뉴스) 손형주 기자 = 17일 오후 부산 금정구 부산대학교에서 학생들이 기말고사에 응시하기 전 발열 체크를 하고 있다. 1학기 비대면 수업이 진행...
465,숭실대학교 에브리타임 앱 캡처 대면 기말고사 시험을 하루 앞두고 교수를 사칭한 누군가가 '시험 취소' 메일을 전체 수강생에게 보낸 일이 발생해 학교가 조사에 나섰다...
466,인천대학교 인문대학(학장 유혜배)에서는 12. 4일에 2019학년도 기말고사 간식 나눔 행사를 진행하였다. 유혜배 인문대학장은 시험기간에는 통상 학생들이 간식 나눔 행사를...
468,안홍필 기자= 인천대학교 인문대학(학장 유혜배)에서는 4일(수) 2019학년도 기말고사 간식 나눔 행사를 진행했다.유혜배 인문대학장은 시험기간에는 통상 학생들이 간식...
469,[경기eTV뉴스] 인천대학교 인문대학(학장 유혜배)에서는 12월 4일 2019학년도 기말고사 간식 나눔 행사를 진행하였다. 유혜배 인문대학장은 시험기간에는 통상 학생들이...
470,"한양대학교가 기말고사 진행 방식을 두고 재학생들과 갈등을 빚고 있는 가운데, 한양대 학생들이 ‘한양대는소통하라‘는 문구를 포털사이트 실시간 검색어에 올리며..."
471,경일대학교 [경산=뉴시스] 박준 기자 = 경일대학교는 올 2학기 수업에 대면수업을 확대...기숙사비는 무료이다. 중간고사와 기말고사는 대면시험을 치른다. 한편 경일대...
472,[서울신문] 경일대학교는 2학기 대면수업을 확대카로 했다. 실험실습 강좌는 물론 모든...운영하고 기숙사비는 무료이다. 중간고사와 기말고사는 대면시험을 치른다. 경일대...
474,기말고사를 치르는 전주대학교 학생들.(전주대 제공) /© 뉴스1 (전주=뉴스1) 임충식 기자 = 전북 전주대학교(총장 이호인)가 코로나19 여파로 불거진 대학교육의 질 저하...
475,"것은 기말고사 기간 아니던가. 각종 사회 사교생활이 취소되어 하루가 통째로 남는데 독서 진도가 팍팍 빠지지 않는다.시대가 시대이니만큼 페스트, 콜레라 같은 역병..."
476,기자 【충북브레이크뉴스】임창용 기자=서원대학교(총장 손석민)는 기말고사를 맞아 10일부터 11일까지 도서관 로비에서 기말고사 응원 간식 나눔 이벤트를 개최했다고...
478,선린대학교가 2학기 강의를 대면과 비대면을 병행하기로 결정했다. 선린대는 교무위원회...했다. 중간과 기말고사 등은 1학기 기말고사 전면 출석시험에 대한 안전한...
480,(부산=연합뉴스) 손형주 기자 = 17일 오후 부산 금정구 부산대학교에서 학생들이 기말고사에 응시하기 전 발열 체크를 하고 있다. 1학기 비대면 수업이 진행되고 있는 부산...
481,19 여파로 비대면 수업을 실시하고 있는 22일 전북 전주시 전북대학교 무용학과 실습실에서 기말고사 첫 대면 실기시험 치러져 학생들이 시험을 보고 있다. 2020.6.22/뉴스1...
482,19 여파로 비대면 수업을 실시하고 있는 22일 전북 전주시 전북대학교 무용학과 실습실에서 기말고사 첫 대면 실기시험 치러져 학생들이 시험을 보고 있다. 2020.6.22/뉴스1...
483,19 여파로 비대면 수업을 실시하고 있는 22일 전북 전주시 전북대학교 무용학과 실습실에서 기말고사 첫 대면 실기시험 치러져 학생들이 시험을 보고 있다. 2020.6.22/뉴스1...
484,19 여파로 비대면 수업을 실시하고 있는 22일 전북 전주시 전북대학교 무용학과 실습실에서 기말고사 첫 대면 실기시험 치러져 학생들이 시험을 보고 있다. 2020.6.22/뉴스1...
485,19 여파로 비대면 수업을 실시하고 있는 22일 전북 전주시 전북대학교 무용학과 실습실에서 기말고사 첫 대면 실기시험 치러져 학생들이 시험을 보고 있다. 2020.6.22/뉴스1...
486,19 여파로 비대면 수업을 실시하고 있는 22일 전북 전주시 전북대학교 무용학과 실습실에서 기말고사 첫 대면 실기시험 치러져 학생들이 시험을 보고 있다. 2020.6.22/뉴스1...
487,쿠키뉴스] 성민규 기자 = 경북 포항 선린대학교가 2학기 강의를 '대면·비대면'으로...유연하게 운영할 계획이다. 중간·기말고사 등의 평가는 출석시험을 원칙으로 한다...
488,"어깨를 나란히 하며 강의실에 자리했다. 대학교 측은 ""학생들이 패널과 사진을 찍고 SNS...해 말레이시아 모 대학 미생물학과 기말고사 시험 문제에도 한 차례 등장한 바..."
489,경제 복현명 기자] 중앙대학교가 올해 1학기 ‘전면 비대면 수업’을 하기로 결정했다...시행된다”고 설명했다. 특히 전면 비대면 수업을 시행하더라도 기말고사는 원칙적...
490,좀 더 가까워 질 수 있는 계기가 되었으면 좋겠다'라고 전했다. 부산경상대학교에서 진행된 이번 기말고사격려 간식 배부 행사는 학교기관에서의 행사가 아닌 학생자치기구...
491,지난 23일 오후 서울 동대문구 경희대학교 본관 앞에서 등록금 반환과 선택적 패스제...지난 18일 한 교양강의의 기말고사 시간에 700여명이 참가한 단체 대화방에서...
492,"있다. 중학생 시절, 열심히 공부해서 기말고사 시험을 100점을 받았고, 자랑스럽게 엄마...최초합으로 합격해서 원하던 대학교에 붙었다. 그 사실을 엄마에게 알렸고, 엄마..."
493,선린대학교는 2학기 수업을 대면과 비대면으로 병행한다고 27일 밝혔다. 중간·기말고사 등의 평가는 출석시험을 원칙으로 한다. 앞서 선린대는 기존 온라인 강의에 대한...
494,[한국대학신문 한명섭 기자] 기말고사 대면 실기시험은 학과의 특성상 봐야만 하는 통과의례. 유한대학교 메카트로닉스공학과 2학년 학생들이 30일 교내 실습실에서 실기...
495,"중간고사 시험 또한 비대면 평가로 진행하고, 2학기 모든 과목에 절대평가를 허용한다”고 발표했다. 중앙대는 지난 19일 교무위원회를 열어 논의한 끝에 “학사운영 원칙을..."
496,"선린대학교(총장 김영문) 교무위원회는 오는 2학기 강의를 대면과 비대면을 혼합하여...운영하고, 중간 및 기말고사 등의 평가는 1학기 기말고사 전면 출석시험에 대한 안전..."
497,"1학기 기말고사 전 과목 답안이 모두 적힌 메모카드와 포스트잇이 자매의 집에서 압수된 점, 시험지 좁은 여백에 이른바 '깨알 답안'이 적혀있던 점, 영어시험 정답인 서술..."
498,중간과 기말고사는 교수 재량에 따라 자율실시할 예정이며 성적은 전 과목 절대평가로 진행된다”고 설명했다. 한국외대 역시 확진자가 급속히 늘어남에 따라 개강일인 내달...
499,중앙대학교가 내달 14일까지 2주 동안 2학기 수업을 비대면 수업으로 실시하기로 결정했다. 코로나19 상황이 악화됨에 따라 미리 만들어 둔 ‘5단계 학사 운영계획’을 적용...
500,"서강대학교 정문 [연합뉴스 자료사진] (서울=연합뉴스) 김정진 기자 = 신종 코로나...해당 과목의 중간고사 성적은 무효로 처리하고, 기말고사만으로 학생들을 평가하기로..."
501,3일 오전 서울 성북구 고려대학교 서울캠퍼스 중앙광장에서 열린 고려대학교 2020학년도...제대로 채우지 않고 종강하거나 기말고사 시험 관련 공지를 제대로 하지 않는 경...
503,[국제i저널=대구 석경희 기자] 계명문화대학교 도서관에서는 기말고사 기간을 맞아 학생들의 학업성적 향상과 면학분위기 조성을 위해 지난 1일 대학 도서관 앞에서 `총장이...
504,"기말고사와 더불어 자신의 꿈을 향해 최선을 다하길 바란다""고 말했다.한편 서원대학교는 매 학기 기말고사 기간에 간식 나눔 행사를 마련해 학생들과 직접 소통하는 시간..."
505,이어오고 있다. 고려대학교 총학생회 비상대책위원회는 지난 5일 성명서를 내고 “기말고사 시행 방식 결정은 학우들의 건강권이 걸린 중대한 문제”라며 “기말시험은 과제...
508,들었습니다. 기말고사로 며칠 밤을 새면서도 여행사에 덜컥 전화해 유럽 21일 여행을 신청했습니다. 사실 이때까지만 해도 여행 코스에 포함된 7개 나라들이 어디에 있는지...
509,사전 확인을 바란다고 말했다. 부경대학교는 6월 22일 시작해 27일에 끝낼 예정이던...것으로 변경했다. 부경대는 1학기 기말고사를 비대면 시험을 원칙으로 한다고 발표...
510,불편해 마스크를 벗고 공부한다” *이게 왜? -15일부터 시작되는 부산지역 대학교의 기말고사를 앞두고 카페는 ‘카공족(카페에서 공부하는 사람들)’으로 붐벼 -코로나19...
511,불편해 마스크를 벗고 공부한다”고 말했다. 15일부터 시작되는 부산지역 대학교의 기말고사를 앞두고 카페는 ‘카공족(카페에서 공부하는 사람들)’으로 붐볐다. 코로나19...
512,거리 두기 속에서 치른 날이었다. 대학교에는 학기마다 늘 거쳐가는 행사가 있게 마련...발표하는 행사도 있다. 그런데 기말시험이 문제다. 수업은 줌(zoom) 앱으로 한다고...
513,서원대학교(총장 손석민)는 기말고사를 맞아 10일부터 이틀 동안 도서관 로비에서 기말고사 응원 간식 나눔 이벤트를 개최했다.이번 간식 나눔 행사에는 엄태석 부총장을...
514,경일대학교는 2학기 수업을 대면과 비대면으로 병행한다고 24일 밝혔다. 실험·실습...운영하고 기숙사비는 무료다. 중간·기말고사는 대면으로 치른다. 한편 경일대는...
515,"누구나 한 번쯤 경험해 봤을걸? 술은 행복한 자에게만 달콤하다 - 존 키츠 대학교 기말고사에서 좋은 성적은 받은 날, 회사에서 진행 한 프로젝트 성과가 좋은 날에은 왠지..."
516,"원칙'이 될 것""이라고 밝혔다. 한국외국어대학교 깃발 [연합뉴스TV 제공] 이달 18일 온라인으로 치러진 한국외대 교양과목 기말고사에서도 카카오톡 오픈채팅방을 통해 정답..."
517,삼육대학교는 2학기 수업을 온·오프라인으로 병행한다고 24일 밝혔다. 중간·기말고사는 대면시험을 원칙으로 한다. 수업은 수강인원에 따라 △20명 내외(24명 이하) △25...
518,노무현은 저능아?’ 전직 대통령 비하 논란..본문 봤더니.. ’홍대 기말고사’ 서울 홍익대학교 기말고사 문제에 고(故) 김대중·노무현 전 대통령을 비하하는 듯한 내용의...
519,동아대학교 대학본부가 있는 승학캠퍼스 전경 (사진=동아대학교 제공)동아대학교가 오는...운영하는 방식으로 운영된다.중간고사와 기말고사의 경우 대면평가를 원칙으로...
520,[매일경제 스타투데이] 홍익대학교 기말고사 문제에 고(故) 김대중·노무현 전 대통령을 비하하는 듯이 보이는 내용의 지문이 등장해 논란이 되고 있다. 지난 11일 홍익대...
521,선택) 도입 등을 촉구하고 있다. 경희대학교 총학생회를 비롯한 학생들은 이날 기자회견...집단커닝 사태가 당장 1학기 중간·기말고사 성적을 선정 기준으로 하는 장학금...
522,세계적 이슈인 코로나 펜데믹 영향은 대학교의 성적 부여 방식에도 영향을 미쳤다. 원래...강의로 바뀐 이후 중간고사와 기말고사 등 성적을 평가하는 시험에서 공정성을...
523,선택) 도입 등을 촉구하고 있다. 경희대학교 총학생회를 비롯한 학생들은 이날 기자회견...집단커닝 사태가 당장 1학기 중간·기말고사 성적을 선정 기준으로 하는 장학금...
524,인터넷 갈무리 신종 코로나바이러스 감염증(코로나19) 확산 방지를 위해 대학들이 기말고사를 온라인 시험으로 치러지면서 연이어 부정행위가 나온다. 이번엔 한국외국어...
525,[성남=이데일리 김미희 기자] 가천대학교가 ㈜에이치앤티로부터 살균 소독제 1억2500만...활용하고 있다. 9일 가천대 총학생회는 기말고사 기간에 맞춰 기부 받은 살균...
526,"(서울=연합뉴스) 윤동진 기자 = 대학교 기말고사 기간인 15일 서울 성동구 한양대학교 서울캠퍼스 노천극장에서 열린 ‘한양대 85학번, 한국 맥도날드와 함께 30년 후배사랑..."
528,대학교에 살균 소독제 5만ℓ(1억2500만원 상당)를 기부했다. 가천대 총학생회는 기말고사 기간에 맞춰 기부받은 살균소독제를 학생들에게 나눠주기 위해 일일이 손으로 1인...
529,가천대학교는 최근 ㈜에이치앤티로부터 살균 소독제 5만 리터(1억 2500만 원 상당)를...9일 밝혔다. 가천대 총학생회는 기말고사 기간에 맞춰 기부 받은 살균소독제를 학생...
530,"1만2천563명, 총 사망자 282명(질병관리본부 집계)24일 대구 북구 산격동 경북대학교에 기말고사 시즌을 맞아 신종 코로나바이러스 감염증(코로나19) 유증상자를 위한 별도..."
531,듣고 ‘정규 반수반(반 재수생반)’에 편성돼 대학입시를 준비한다. 통상 대학교 1학기 기말고사가 끝나는 6월 말에 반수반이 개설되는 것과 달리 올해는 두 달 먼저 입시반...
532,충북대학교와 서원대학교가 기말고사를 준비하는 재학생들을 응원하기 위해 나섰다.충북대는 김수갑 총장을 비롯한 간부진 및 학생회 학생 등 10여 명은 지난 17일 이대학...
533,"세종대학교는 신종 코로나바이러스 감염증(코로나19) 확산 방지를 위해 올해 1학기를...1학기 전체로 확대함에 따라 중간고사, 기말고사 실시 여부 및 방법은 교수의 재량에..."
534,저널=이혜영 객원기자) 서울 동작구 한 대학교 앞 커피숍이 온라인강의를 듣는 학생들로...전해졌다. 학생들의 부정행위는 기말고사를 앞두고 '2차 단체 컨닝'을 모의하는...
535,【브레이크뉴스 대구】박성원 기자= 수성대학교(총장 김선순)는 추위 속에서 기말고사와 각종 자격증 시험을 준비하는 학생들을 격려하는 ’기말고사 칠 무렵’ 이벤트를...
536,한양대학교 학생들이 수업과 기말고사를 대면 방식으로 진행하려는 학교 방침에 대해 코로나19 감염 우려가 크다며 반발했습니다. 한양대 총학생회는 오늘(1일) 한양대학교...
537,1만974명이 됐다. 조진범기자 jjcho@yeongnam.com24일 대구 북구 산격동 경북대학교에 기말고사 시즌을 맞아 신종 코로나바이러스 감염증(코로나19) 유증상자를 위한 별도의...
538,[내외일보=대구] 하청해 기자=영진전문대학교가 기말고사를 시작한 18일 오후에 재학생을 격려하는 간식 나눔 행사를 가졌다. 이번 행사는 ‘간식 먹으러 와라딘’ 이라는...
539,기금 1억 원으로 12월2일부터 기말고사 시험기간인 오는 20일까지 재학생들에게 무료...이번 밥상기금은 학교법인 건국대학교 유자은 이사장이 시험기간에도 학생들이...
540,사진=자료사진) 경북대학교는 대구‧경북 지역의 코로나19 확산세가 안정화됨에 따라...수업 방식을 자율 결정해 시행할 수 있도록 했다. 중간고사와 기말고사는 기간을...
541,본관 [대구=뉴시스] 박준 기자 = 경북대학교는 지역 코로나19 확산세가 안정화됨에 따라...수 있도록 했다. 중간고사와 기말고사는 기간을 별도로 정하지 않고 담당교원이...
542,강의 등 일부 강의에 한해 온라인 시험을 허용할 예정이다. 대구가톨릭대학교 역시 애초 대면 기말고사를 준비했지만 코로나19 지역감염이 계속 이어지자 추후 상황을 조금...
543,[매일경제 스타투데이] 홍익대학교 기말고사 문제에 고(故) 김대중·노무현 전 대통령을 비하하는 듯이 보이는 내용의 지문이 등장해 논란이 되고 있다. 지난 11일 홍익대...
544,"24 권준영 기자] 신종 코로나바이러스 감염증(코로나19) 확산 방지를 위해 대학들이 기말고사를 온라인 시험으로 치르고 있는 가운데, 여러 대학교에서 부정행위가 끊이지..."
545,[매일경제 스타투데이] 홍익대학교 기말고사 문제에 고(故) 김대중·노무현 전 대통령을 비하하는 듯이 보이는 내용의 지문이 등장해 파문이 일고 있다. 지난 11일 홍익대...
546,"포항대학교 학술정보관은 최근 기말고사 맞아 학업에 지친 학생들을 격려하기 위해 간식 지원 행사를 가졌다. 행사는 코로나19 예방을 위해 발열체크, 마스크착용, 손소독..."
547,[매일경제 스타투데이] 홍익대학교 기말고사 문제에 고(故) 김대중·노무현 전 대통령을 비하하는 듯이 보이는 내용의 지문이 등장해 논란이 되고 있다. 지난 11일 홍익대...
548,"(서울=연합뉴스) 윤동진 기자 = 대학교 기말고사 기간인 15일 서울 성동구 한양대학교 서울캠퍼스 노천극장에서 열린 ‘한양대 85학번, 한국 맥도날드와 함께 30년 후배사랑..."
549,코리아=방은주 기자)세종대학교(총장 배덕효)는 지난 6월 22일부터 26일까지 1학기 기말고사를 대면 및 비대면 시험으로 치뤘다고 30일 밝혔다. 세종대는 최근 수도권의...
550,"#총학생회, 기말고사 앞두고 ‘클린캠퍼스 캠페인’ 실시 경남정보대학교 총학생회는 지난 17일 기말고사를 앞두고 학생들의 안전을 위협하는 코로나19 바이러스 퇴치를..."
551,노무현은 저능아?’ 전직 대통령 비하 논란..본문 봤더니.. ’홍대 기말고사’ 서울 홍익대학교 기말고사 문제에 고(故) 김대중·노무현 전 대통령을 비하하는 듯한 내용의...
552,노무현은 저능아?’ 전직 대통령 비하 논란..본문 봤더니.. ’홍대 기말고사’ 서울 홍익대학교 기말고사 문제에 고(故) 김대중·노무현 전 대통령을 비하하는 듯한 내용의...
553,한국외국어대학교 깃발 [연합뉴스TV 제공] (서울=연합뉴스) 김치연 기자 = 신종 코로나...19) 확산 방지를 위해 대학들이 기말고사를 온라인 시험으로 치르면서 부정행위가...
554,(경북=NSP통신) 최병수 기자 = 영진전문대학교가 기말고사를 시작한 18일 오후에 재학생을 격려하는 간식 나눔 행사를 가졌다. 이번 행사는 ‘간식 먹으러 와라딘’ 이라는...
556,[일요서울 l 대구 김을규 기자] 수성대학교(총장 김선순)는 추위 속에서 기말고사와 각종 자격증 시험을 준비하는 학생들을 격려하는 ’기말고사 칠 무렵’ 이벤트를 9일...
557,"23일 외대에 따르면 지난 18일 '세계주요문화와 통번역의 역할'이란 교양과목 기말고사 시험을 치르던 중 집단 부정행위가 일어났다. /한국외국어대학교 제공 학교 측 ""전면..."
558,논란으로 인해 많은 대학이 대면 시험을 기준으로 삼고 있다. 선문대학교(총장 황선조)도 기말고사를 대면 시험 기준으로 하되 학생과 교수가 협의해 대면과 혼합 형태로...
559,"홍대 기말고사, 시험 지문에 전 대통령 비하 표현 등장…교수 입장 밝혀 홍익대학교 기말고사에 고(故) 김대중 전 대통령과 고(故) 노무현 전 대통령을 비하하는 표현이..."
560,"표현 등장 A 교수, 홍대 기말고사 시험 지문 논란에 ""나만의 교수법이다"" 홍익대학교 기말고사에 고(故) 김대중 전 대통령과 고(故) 노무현 전 대통령을 비하하는 표현이..."
561,논란으로 인해 많은 대학이 대면 시험을 기준으로 삼고 있다. 선문대학교(총장 황선조)도 기말고사를 대면 시험 기준으로 하되 학생과 교수가 협의해 대면과 혼합 형태로...
562,"고사 논란에 A교수 ""신도 아닌데 비판 받아야 할 측면 있다"" '홍익대 기말고사 논란' 홍익대학교 기말고사 문제에 고 김대중·노무현 전 대통령을 비하하는 듯한 표현이..."
563,"[서울신문] 한국외국어대학교 코로나19로 대학들이 실시한 온라인시험에서 최근 부정...등 문제 유형을 변경했지만, 기말고사에서도 부정행위가 이어진 것이다. 보도를..."
564,감지 카메라 설치 및 바코드 시스템을 도입했다고 지난 3일 밝혔다. 현재 한림성심대학교는 기말고사를 대면평가 실시하기 위해 학과별 의견을 수렴하고 시험일정을 조정 중...
565,"인해 많은 대학이 대면 시험을 기준으로 삼고 있는 가운데, 선문대학교(총장 황선조)도 기말고사를 대면 시험 기준으로 하되, 학생과 교수가 협의해 대면과 혼합 형태로..."
566,"확산 우려에 따라 개강을 연기한 고려대학교가 수강신청을 1주, 시험기간도 2주 연기...20일부터 예정된 중간고사를 5월4일로, 6월15일부터 예정된 기말고사를 6월22..."
567,▲ 홍대 기말고사 홍대 기말고사 서울 홍익대학교 기말고사 문제에 고(故) 김대중·노무현 전 대통령을 비하하는 뉘앙스의 지문이 나왔다. 11일 홍익대 총학생회에 따르면...
568,위해 마스크 1만장을 기부했다. 계명대학교는 사학과 휴학생인 최재백(25)씨가 재학생들...선택이라 판단했다”고 말했다. 이어 “기말고사를 앞둔 재학생들과 마스크를...
569,계명대학교 사학과 휴학생인 최재백 학생이 지난 22일 마스크 1만 장을 계명대에 기부...기부받은 마스크를 대면 기말고사를 치르는 학생들을 위해 사용할 계획이다. 그는...
570,중앙대에서는 공공인재학부 법학 과목 기말고사를 앞두고 학생들이 부정행위를 모의...것”이라고 밝혔다. 한국외국어대학교 전경. 인터넷 갈무리 한국외대에서는 2000여명...
571,(경북=NSP통신) 최병수 기자 = 수성대학교(총장 김선순)는 추위 속에서 기말고사와 각종 자격증 시험을 준비하는 학생들을 격려하는 ’기말고사 칠 무렵’ 이벤트를 9...
572,[한국대학신문 조영은 기자] 울산대학교(총장 오연천)가 기말고사 기간 다른 학생의 코로나19 감염 방지를 위해 발열 체크 봉사에 나선 공과대학 학생회를 소개했다. 울산대...
574,"오고 있다. #계명대, 1학기말 대면시험 끝내고 계절학기 준비 계명대학교는학생들이 1학기 기말고사를 대면시험으로 치르고, 계절학기 준비에 들어간다고 17일 밝혔다..."
575,"2학기 개강을 앞두고 있는 충북도립대학교(총장 공병영)가 수업 방식을 대면·비대면...전 기간 대면수업을 실시하며, 중간고사와 기말고사는 대면평가로 진행한다.또한..."
576,"지문으로 전 대통령 비하?…해당 교사 ""쉽고 재미있게 설명할려던 목적"" 홍익대학교 기말고사에 고(故) 김대중 전 대통령과 고(故) 노무현 전 대통령을 비하하는 표현이..."
577,"최근 영화 홍보 인터뷰, 무대인사, 광고 촬영 등 굉장히 바빴다. 이번 주는 대학교 기말고사를 준비하고 있다""고 전했다. 김수현이 출연한 영화 '은밀하게 위대하게' 5..."
578,"[한국강사신문 한상형 기자] 삼육대학교(총장 김일목)는 오는 2학기 수업을 온...지난 24일 밝혔다.중간, 기말고사는 대면시험을 원칙으로 한다. 삼육대는 최근 교무..."
579,배수영기자의 보도입니다. [리포트] 서울대학교가 수시모집에 일부 학과를 제외하고...등을 점수에 반영하지 않기로 해 중간·기말고사 성적으로 대비해야 합니다. 이처럼...
581,배수영기자의 보도입니다. [리포트] 서울대학교가 수시모집에 일부 학과를 제외하고...등을 점수에 반영하지 않기로 해 중간·기말고사 성적으로 대비해야 합니다. 이처럼...
582,"실제로 일부 학생들 사이에서 다가오는 기말고사에서 부정행위를 시도하려는 움직임도...필요"" 지난 7일 오전 경기도 용인시 단국대학교 죽전캠퍼스에서 교직원들이 일부..."
583,일었다고 한다. 학교 측은 “해당 과목 기말고사를 다시 치르게 하고 표절 시스템을...열렸다. 경희대 학생들은 ‘경희대학교 학생의 권리를 되찾기 위한 경희인 집중공동...
584,"최근 영화 홍보 인터뷰, 무대인사, 광고 촬영 등 굉장히 바빴다. 이번 주는 대학교 기말고사를 준비하고 있다""고 밝혔다. 김수현은 드라마 '드림하이'를 시작으로 MBC '해를..."
585,군산대학교가 1학기 기말고사 기간을 맞이해 교내 황룡도서관 앞 광장에서 ‘천원의 아침밥’ 행사를 진행하고 있다. 23일 군산대에 따르면 ‘천원의 아침밥’은 기말고사...
587,어택(이하 A+ 캠퍼스 어택)'을 진행한다고 16일 밝혔다. 이번 행사는 베리떼가 대학교 기말고사 시험기간 중 캠퍼스에 직접 찾아가 피부 고민 케어와 함께 베리떼...
588,및 기말고사에 구애받지 않도록 제도를 도입한 것은 획기적인 일이었다. 자유학년제 동안 청소년 학생들은 스스로 꿈과 끼를 찾을 수 있는 동아리·예술·체육 등 다양한...
590,천국의 간식' 이벤트를 진행한다고 13일 밝혔다. 이번 이벤트는 알바천국이 대학교 기말고사 기간 중 캠퍼스에 직접 찾아가 맥도날드 불고기 버거와 델몬트 주스 등 든든한...
591,30여분간 시험이 중단됐다. 전남대학교에서는 중간고사 첫날인 이날 30여개의 온라인...중간고사의 객관적인 평가가 어렵다고 판단됐다'며 '기말고사 이전에 시험을 다시...
592,[아시아경제 호남취재본부 윤자민 기자] 호남대학교 총학생회가 기말고사를 치르는 학생들의 긴장을 풀어주려는 이벤트를 펼쳐 눈길을 끌고 있다. 16일 호남대학교 등에...
593,메시지를 전하고 있다.(사진제공=서원대학교) [아시아뉴스통신=김성식 기자] 서원대학교(총장 손석민)는 기말고사를 맞아 10일부터 11일까지 도서관 로비에서 기말고사 응
594,"서울과 수도권 지역에서 코로나19 확산세가 증가하면서, 서울대학교 학생들이 학교에 기말고사를 비대면으로 실시하라고 요구했습니다. 서울대 총학생회 대행기구인 단과대..."
596,모습. (세종대 제공) © 뉴스1 (서울=뉴스1) 권형진 기자 = 세종대학교는 지난 22일부터 26일까지 1학기 기말고사 기간을 맞아 대면·비대면 시험을 실시했다고 30일 밝혔다...
598,부정행위가 끊이지 않고 있다. 23일 대학가에 따르면 한국외국어대학교가 지난 18일 치러진 온라인 기말고사에서 700여명의 학생이 가담한 '집단 부정행위' 의혹에 대해...
599,"CBS노컷뉴스 취재를 종합하면, 1학기 기말고사를 진행 중인 대학 곳곳에서 성적 평가...신뢰도가 떨어지고 있다. 한국외국어대학교. (사진=연합뉴스/자료사진) 한국외대..."
600,"고사, 시험 지문에 전직 대통령 비하…출제 교수 ""나만의 교수법"" 발끈 홍익대학교 기말고사에 고(故) 김대중 전 대통령과 고(故) 노무현 전 대통령을 비하하는 표현이 등장..."
601,논란으로 인해 많은 대학이 대면 시험을 기준으로 삼고 있다. 선문대학교(총장 황선조)도 기말고사를 대면 시험 기준으로 하되 학생과 교수가 협의해 대면과 혼합 형태로...
602,"기자 = 7일 오후 경북 경산시 영남대학교 인근 카페에서 영남대 재학생이 1학기 중간...교수 재량에 따라 1학기 중간고사를 과제 대체, 기말고사 합산(단일화), 온라인 시험..."
603,[일요서울 l 대구 김을규 기자] 계명문화대학교(총장 박승호) 도서관에서는 기말고사 기간을 맞아 학생들의 학업성적 향상과 면학분위기 조성을 위해 지난 1일 대학 도서관...
604,"영진전문대학교가 기말고사를 시작한 18일 오후 재학생 1200여명에게 간식 나눔 행사를 가졌다.이번 행사는 ‘간식 먹으러 와라딘’ 이라는 슬로건을 걸고 슈크림 빵, 초코..."
605,잇따라 22일 서울 서대문구 이화여자대학교에서 열린 '등록금 반환·선택적 패스제 도입...를 한 사실이 드러났다. 한 교양과목 기말고사를 보는 학생들이 오픈카톡방을...
606,[여성소비자신문 김희정 기자]가천대학교가 에이치앤티로부터 살균 소독제 50000L(1억...활용하고 있다.가천대 총학생회는 기말고사 기간에 맞춰 기부받은 살균소독제를...
607,논란으로 인해 많은 대학이 대면 시험을 기준으로 삼고 있다. 선문대학교(총장 황선조)도 기말고사를 대면 시험 기준으로 하되 학생과 교수가 협의해 대면과 혼합 형태로...
608,"[대구=일요신문] 계명대학교가 코로나19 극복 특별장학금을 2학기 등록 학생 전체에게...강의를 대면수업으로 진행했고, 기말고사도 대면시험으로 했지만 다행히 아직..."
609,[경안일보=손중모기자] 계명문화대학교(총장 박승호) 도서관에서는 기말고사 기간을 맞아 학생들의 학업성적 향상과 면학분위기 조성을 위해 지난 1일 대학 도서관 앞에서...
610,"19로 비대면 강의를 진행해온 대부분의 대학이 기말고사 기간에 돌입한 가운데, 선문대학교(총장 황선조)가 기말고사를 대면 시험 기준으로 하되 학생과 교수가 협의해 대면..."
611,［중부매일 윤여군 기자］충북도립대학교 교직원들이 기말고사 기간 야간활동을 하는 학생 안전을 위해 자발적으로 순찰에 나섰다.충북도립대학교는 지난 15일부터 오는...
612,논란으로 인해 많은 대학이 대면 시험을 기준으로 삼고 있다. 선문대학교(총장 황선조)도 기말고사를 대면 시험 기준으로 하되 학생과 교수가 협의해 대면과 혼합 형태로...
613,논란으로 인해 많은 대학이 대면 시험을 기준으로 삼고 있다. 선문대학교(총장 황선조)도 기말고사를 대면 시험 기준으로 하되 학생과 교수가 협의해 대면과 혼합 형태로...
614,때문이었습니다. 코로나 사태로 상당수 대학은 이번 학기 기말고사를 비대면으로 치르고 있습니다. 하지만 한양대학교는 대면 시험을 원칙으로 정해 전체 강의 37%가 대면...
615,"19)로 비대면 강의를 진행해온 대부분의 대학이 기말고사 기간에 돌입한 가운데, 선문대학교(총장 황선조)도 기말고사를 대면 시험 기준으로 하되 학생과 교수가 협의해..."
617,(경북=NSP통신) 최병수 기자 = 영진전문대학교(총장 최재영)가 기말고사 기간인 지난 10일 오후 재학생을 격려하는 간식 나눔 행사를 펼쳤다. 이날 행사는 복현캠퍼스와...
618,기말고사 칠 무렵' 이벤트를 실시하고 있다.(사진제공=수성대) [아시아뉴스통신=박종률 기자] 수성대학교(총장 김선순)는 추위 속에서 기말고사와 각종 자격증 시험을 준비하는
619,"기자 = 7일 오후 경북 경산시 영남대학교 인근 카페에서 영남대 재학생이 1학기 중간...교수 재량에 따라 1학기 중간고사를 과제 대체, 기말고사 합산(단일화), 온라인 시험..."
620,실시간 검색어에 등장한 말입니다. 한양대학교 학생들이 검색어를 포털사이트 순위에...한양대는 최근 기말고사 대면 시험 시행을 결정했습니다. 이번 기말고사에서 학부...
622,진행하기로 한 연세대가 올해 1학기 중간고사를 중단하기로 했다. 27일 연세대에 따르면...이날 서울 서대문구 연세대학교 신촌캠퍼스 모습. 2020.3.27 ryousanta@yna.co...
625,어택(이하 A+ 캠퍼스 어택)'을 진행한다고 16일 밝혔다. 이번 행사는 베리떼가 대학교 기말고사 시험기간 중 캠퍼스에 직접 찾아가 피부 고민 케어와 함께 베리떼...
627,[서울=뉴시스] 한양대학교. 코로나19 확산으로 인해 기말고사 방식 등을 두고 학교 측과 갈등 중인 한양대학교 학생들이 온라인 시위에 나섰다. 12일 오후 2시부터 포털...
628,"질 것 같다는 생각도 든다""고 말했다. 전남대학교의 물리교육과 전공 수업에서는 정반대...학점'을 준 것이다. 100점 만점인 기말고사 시험에서 최고점이 25점에 불과했던..."
631,모습.(사진제공=영진전문대) [아시아뉴스통신=박종률 기자] 영진전문대학교(총장 최재영)가 기말고사 기간인 10일 오후 재학생을 격려하는 간식 나눔 행사를 펼쳤다. 이날...
632,경북대학교는 어제(14일) 학장회의를 열고 2학기 수업부터 대면강의와 비대면 강의를...운영하기로 했습니다.또 중간고사와 기말고사는 기간을 자율로 하고 성적평가는...
633,"문제는 각 대학이 학생과 소통을 통해 협의해야 할 문제""라고 선을 그은 바 있다. 기말고사 방식을 두고 잡음이 일어나는 대학들도 있다. 동양미래대학교의 경우 코로나19..."
635,열의가 뜨거웠다. 설명회를 맡은 경북대학교 입학사정관은 2021학년도 대입제도 및 변화...운영하고 있다. 특히 1학기 기말고사가 끝나고 학습 공백이 발생하는 시기...
636,공주대학교 신입생의 감염 소식은 감염병 대응 수위를 높이는데 한 몫 했다. 전북지역 주요 대학들은 전날 줄지어 1학기 수업을 비대면으로 하기로 결정했다. 실험‧실습...
637,"기자 = 7일 오후 경북 경산시 영남대학교 인근 카페에서 영남대 재학생이 1학기 중간...교수 재량에 따라 1학기 중간고사를 과제 대체, 기말고사 합산(단일화), 온라인 시험..."
638,시험 감독 시스템 도입 /국민대 국민대학교(총장 임홍재)가 코로나19 여파로 인해...시스템을 대규모 도입한다. 나아가 이번 기말고사 기간을 기점으로 향후에도 온라인...
639,(대구=국제뉴스) 백운용 기자 = 영진전문대학교(총장 최재영)가 기말고사 기간인 10일 오후 재학생을 격려하는 간식 나눔 행사를 펼쳤다.이날 행사는 복현캠퍼스와 글로벌...
640,물론 기말고사도 치르지 않도록 했다. 사라진 중간고사의 자리를 차지 한 것은 과제 폭탄이다. 제한된 시간과 장소에서 실력을 평가하는 시험 형태가 아니다 보니 과제의...
641,시험의 폐해가 드러나면서 일각에서는 기말고사라도 대면 시험으로 치러야 한다는...수 있을지 여부는 불투명하다. 한 지방대학교 교수는 “코로나19 집단감염이 발생한다면...
642,"학생들이 이번 기말고사를 입시에 유의미한 마지막 시험이라고 생각하기 때문이다...할 수 있다. 그러나, 정시 전형의 경우 0.01점으로 당락이 결정되기도 하며, 교육대학교..."
644,지난달 11일 오후 인천시 미추홀구 인하대학교에서 방역업체 관계자들이 강의실을 소독...씨는 “강의는 모두 온라인이었고 기말고사 때 대면시험으로 보는 과목이 있어 딱...
645,"바야흐로 대학교는 기말고사 시즌. 인문계 전공생들이 너댓장씩 쉽게 답안을 채워내던 교양수업 기말 고사 때, 단 한 장을 채우는 것도 버거웠던 경험은 나를 비롯한..."
646,뉴스) 이건주 인턴기자 = 대학가에서 기말고사 방식 결정을 두고 이견이 좁혀지지 않고...목소리를 내놓고 있다. 대학교 온라인 강의 진행 (PG) [장현경 제작] 일러스트...
647,(대구=국제뉴스) 백운용 기자 = 영진전문대학교가 기말고사를 시작한 18일 오후에 재학생을 격려하는 간식 나눔 행사를 가졌다.이번 행사는 '간식 먹으러 와라딘' 이라는...
648,"요구하는 시위가 벌어지기도 하였다. 이러한 학생들의 반응에 중앙대학교는 비대면으로 기말고사를 치를 것이라 밝혔으며 건국대, 숭실대, 이화여대 등은 교수의 재량에..."
649,"기자 = 7일 오후 경북 경산시 영남대학교 인근 카페에서 영남대 재학생이 1학기 중간...교수 재량에 따라 1학기 중간고사를 과제 대체, 기말고사 합산(단일화), 온라인 시험..."
650,또 발생했다.23일 대학가에 따르면 이달 18일 실시된 한국외국어대학교(한국외대) 교양과목 기말고사 정답이 카카오톡 오픈채팅방에 공유된 것으로 알려졌다.700여 명이...
651,[일요서울 l 대구 김을규 기자] 영진전문대학교가 기말고사를 시작한 18일 오후에 재학생을 격려하는 간식 나눔 행사를 가졌다.이번 행사는 ‘간식 먹으러 와라딘’ 이라는...
652,않고 있다. 23일 대학가에 따르면 이달 18일 실시된 한국외국어대학교(한국외대) 교양과목 기말고사 정답이 카카오톡 오픈채팅방에 공유된 것으로 알려졌다. 700여명이...
653,"1 (대전=뉴스1) 김종서 기자 = 대전 한밭대학교는 올해 2학기 수업 역시 대면과 비대면...허용할 계획이다. 2학기 중간·기말고사는 대면평가를 원칙으로 하며, 평가기준은..."
654,[대학저널 임지연 기자] 부산가톨릭대학교(총장 신호철) 입학처는 3학년 1학기 기말고사가 종료된 부산·경남 지역 고교생들의 대입 준비에 도움을 주고자 지난 1주간 집중...
655,치러진 한국외국어대학교의 통번역 교양과목 기말 시험날. 수강생 2천명 중에 7백여 명...비대면 시험으로 치러지고 있는 대학 기말고사에서 부정행위 논란이 끊이지 않고...
657,[서울=뉴시스]유자은 이사장이 11일 오전 서울 광진구 건국대학교 학생회관 앞에서 학생들과 함께 기말고사 시험기간을 앞두고 재학생들에게 도시락을 나눠주는 ‘엄마의...
658,"진행되면서 자취방 계약을 포기했는데, 기말고사는 강의실에서 치른다는 대학이 적지...여기어때 캠퍼스’와 제휴한 일부 대학교와 손잡고, 재학생이면 누구나 다운로드 할..."
659,서울 동국대학교에서 기말고사 시험지가 유출되는 사고가 발생했다. 한 학생이 강사 이메일에 접속해 시험문제를 빼낸 것으로 확인됐다. 17일 동국대에 따르면 동국대 화공...
660,[베리타스알파=김하연 기자] 국민대학교(총장 임홍재)가 코로나19 여파로 인해 학기말...대규모 도입한다. 나아가 이번 기말고사 기간을 기점으로 향후에도 온라인 교육...
661,"학내 커뮤니티(에브리타임)에는 기말고사를 비대면으로 진행해야 한다는 글이 올라왔다...반응을 보였다. 현재 대부분의 대학교들은 비대면 시험을 원칙으로 하되, 교수..."
662,"걱정도 커지고 있는데요, 일부 대학이 기말고사를 대면 시험으로 치르겠다고 밝혀 학생...받고 있다고 주장합니다. [류덕경/한양대학교 교육정책위원회장 : ""가장 걱정하는..."
663,유한대학교는 기말고사 기간을 맞아 18일 학생식당 중앙로비에서 700인분의 간식꾸러미를 마련해 기말고사와 취업준비에 지친 재학생을 격려했다고 밝혔다. 이번 간식데이...
664,[대학저널 신효송 기자] 국민대학교(총장 임홍재)가 코로나19 여파로 인해 학기말고사를...도입한다. 나아가 이번 기말고사 기간을 기점으로 향후에도 온라인 교육을 이상...
665,복현명 기자] 국민대학교가 코로나19 여파로 인해 학기말고사를 비대면 시험 위주로...감독 시스템을 대규모 도입한다. 이번 기말고사 기간을 기점으로 향후에도 온라인...
666,어택(이하 A+ 캠퍼스 어택)'을 진행한다고 16일 밝혔다. 이번 행사는 베리떼가 대학교 기말고사 시험기간 중 캠퍼스에 직접 찾아가 피부 고민 케어와 함께 베리떼...
667,[한국대학신문 이다솜 기자] 국민대학교(총장 임홍재)가 코로나19 여파로 인해 학기말...대규모 도입한다. 나아가 이번 기말고사 기간을 기점으로 향후에도 온라인 교육...
668,"는 제안까지 올라오고 있다. ◇""기말고사 전면 비대면""vs""교수 재량""…시험방식 두고...치러야 한다며 성명을 냈다. 서울대학교 총학생회 직무를 대행하는 2020 단과대학생..."
669,3일 서울 마포구 서강대학교 리치과학관. 신종 코로나바이러스 감염증(코로나19)으로...감염증(코로나19) 예방을 위해 기말고사를 비대면으로 치르기로 한 대학들이 부정...
670,지난달 7일 오후 경북 경산시 영남대학교 인근 카페에서 영남대 재학생이 1학기 중간...골머리를 앓고 있는 가운데 기말고사를 앞둔 일부 대학은 ‘방역’과 ‘부정행위...
671,"기자) 오는 24일 개강을 앞둔 충북도립대학교는 5일 2학기 수업은 대면·비대면을 병행...실습은 대면수업을, 중간‧기말고사는 대면평가로 한다.이론·실습이 필요한 수업..."
673,요즘 기말고사가 끝난 대학들이 하나 둘씩 여름방학에 들어가고 있는데요. 기숙사나 자취방을 이용하다 고향으로 가는 대학생들의 짐을 보관해주는 서비스가 있습니다...
674,치러진 한국외국어대학교의 통번역 교양과목 기말 시험날. 수강생 2천명 중에 7백여 명...비대면 시험으로 치러지고 있는 대학 기말고사에서 부정행위 논란이 끊이지 않고...
675,"장순흥 총장, 학생들에게 직접 야식 전달하며 기말고사 응원 앞선 15일 한동대학교는 학생회관 앞 야외에서 기말고사를 맞은 학생들에게 야식을 나눠주는 ‘야식 이벤트’를..."
676,대면시험을 실시하면서도 방역 대책을 마련하고 있다. 1학기 기말고사를 대면 방식으로 진행하기로 한 경희대학교의 경우 담당 교수와 수강생이 협의하면 비대면 시험이...
677,3명이 코로나19 확진 판정을 받은 가천대학교 학생들 사이에서 “방역이 허술한데도...중앙대·한국외대·한양대 등이 다가올 기말고사를 대면 방식으로 치르기로 잠정 결정...
678,[대학저널 이승환 기자] 계명대학교(총장 신일희)가 코로나19 극복을 위한 특별장학금...강의를 대면수업으로 진행한 계명대는 기말고사도 대면시험으로 한 달간 한명의...
680,사진: JTBC 뉴스 화면 캡쳐 [헤럴드 리뷰스타=박혜림 기자] 서울 홍익대학교 기말고사 문제에 고(故) 김대중·노무현 전 대통령을 비하하는 듯한 내용의 지문이 등장해 논란...
681,(경북=NSP통신) 최병수 기자 = 계명대학교(총장 신일희)가 코로나19 극복을 위한 특별...강의를 대면수업으로 진행한 계명대는 기말고사도 대면시험으로 한 달간 한명의...
682,지급하기로 결정했다고 7일 밝혔다. 계명대학교 성서캠퍼스 (C) 계명대에 따르면 전체...대면수업으로 진행한 계명대는 기말고사도 대면시험으로 한 달간 한명의 감염자도...
684,"있다. 대전과학기술대학교에 재학 중인 한 간호학과 학생은 “22일부터 대면 기말고사를 치르는데, 하루 1300명이 넘는 학생이 학교를 찾을 것으로 보인다”며 “현재 지역..."
685,유학생이 재학 중인 제주한라대학교와 제주도는 방글라데시인들의 한국 입국 목적에...실시되는 기말고사도 온라인으로 진행할 계획이다. 온라인 기말고사가 끝나면 여름...
686,선택) 도입 등을 촉구하고 있다.경희대학교 총학생회를 비롯한 학생들은 이날 기자회견...앓는 중입니다. 학생들은 중간·기말고사를 온라인으로 실시하면서 발생하는 부정...
687,[경안일보=손중모기자] 계명문화대학교(총장 박승호)는 도서관에서는 기말고사 기간을 맞아 학생들의 학업성적 향상과 면학분위기 조성을 위해 지난 16일 대학 도서관 앞...
688,"14일에는 대면 방식으로 기말고사까지 치른다는 내용이 담겼다. 같은날 융합산업대학원...것""이라고 설명했다. 이번 학기 한양대학교 융합산업대학원에서 강의를 맡은 A교수..."
689,com [익산=뉴시스] 강명수 기자 = 원광대학교 교수학습개발센터는 ‘학습역량강화...법을 공유했다. 발표회 참가팀은 1학기 기말고사 성적이 2019학년도 2학기 성적보다...
690,활용한다.대전대학교는 비대면 과목도 대면 수업을 병행할 예정으로 중간고사와 기말고사 이전 총 2회 이상 대면수업을 실시할 계획이다.대면 수업 강의도 재학생이 비대면...
691,한밭대학교가 2학기 수업운영 방식을 대면과 비대면수업으로 병행하기로 결정했다고 9일 밝혔다. 이는 코로나19 장기화에 따른 수업의 질 향상과 학생들의 안전한 학습권...
692,[일요서울 l 대구 김을규 기자] 계명문화대학교(총장 박승호)는 도서관에서는 기말고사 기간을 맞아 학생들의 학업성적 향상과 면학분위기 조성을 위해 지난 16일 대학...
693,"놨더라""면서 ""공부가 하기 싫구나, 기말고사에 대한 부담감이 많구나""라고 했다.이어...5월 7일 오후 경북 경산시 영남대학교 인근 카페에서 영남대 재학생이 1학기 중간..."
694,계명문화대학교는 기말고사 기간을 맞아 학생들의 학업성적 향상과 면학분위기 조성을 위해 지난 17일 도서관 앞에서 `총장이 쏜다!! 공부하느라 힘들제 힘내`라는 슬로건...
695,"안산대학교(총장 안규철)는 6월 29일 기말고사 기간을 맞아 대면으로 시험을 치르는 학생들을 응원하기 위해 발열체크, 학생 간 거리두기 등 방역수칙을 철저히 지킨 가운데..."
696,(경북=NSP통신) 조인호 기자 = 포항 선린대학교(총장 김영문)에서는 교무위원회를 통해...중간 및 기말고사 등의 평가는 1학기 기말고사 전면 출석시험에 대한 안전한...
697,기자 = 대전 54번 확진자가 대학가를 다녀간 것으로 확인돼 대면 기말고사를 잠정 중단했던 한밭대학교가 오는 22일부터 시험을 재개한다. 19일 한밭대에 따르면 시험은...
698,선린대학교(총장 김영문)에서는 교무위원회를 통해 오는 2학기 강의를 대면과 비대면을...운영하고 중간 및 기말고사 등의 평가는 1학기 기말고사 전면 출석시험에 대한...
699,로 전환된 5월 6일 서울 관악구 서울대학교 음악대학에서 마스크를 착용한 교수와 학생...20학번인 송모(19)씨는 “이번 기말고사에서 화상회의 시스템으로 실시간 감시를...
700,수성대학교(총장 김선순)는 추위 속에서 기말고사와 각종 자격증 시험을 준비하는 학생을 위해 이벤트를 갖고 학생들을 격려했다.이 대학은 ‘기말고사 칠 무렵’ 이벤트를...
701,군산대학교(총장 곽병선)가 1학기 기말고사 기간을 맞이해 교내 황룡도서관 앞 광장에서 `천원의 아침밥` 행사를 가졌다.`천원의 아침밥`은 기말고사 기간 동안 조기 등교로...
702,"함께 리포트, 쪽지시험, 토론, 중간·기말고사 등으로 진행되며 별도 자격시험은 없다...안전하게 학습할 수 있다. 미용대학교 1학기 등록금 정도로 학위 취득을 위한 모든..."
704,기말고사에서 카카오톡 오픈채팅방을 이용해 학생들 간 정답 공유가 이뤄진 것으로 조사됐다. 채팅방에는 학생들 700여명이 있었던 것으로 전해졌다. 그러나 2학기 시험을...
705,[베리타스알파=김하연 기자] 상명대학교 천안캠퍼스(부총장 김기봉)는 기말고사 기간 중 대면고사가 불가피한 교과목 증가로「대면고사 방역지침」을 마련하고 학생의 안전...
706,[한국대학신문 조영은 기자] 상명대학교 천안캠퍼스(부총장 김기봉)는 기말고사 기간 중 대면고사가 불가피한 교과목 증가로 ‘대면고사 방역지침’을 마련하고 학생의 안전...
707,"전해졌다. 18일 한 매체는 김수현 측근의 말을 인용해 ""김수현이 이번주는 대학교 기말고사를 준비하고 있다""고 보도했다. 보도에 따르면 김수현은 영화 '은밀하게 위대하게..."
708,[대학저널 백두산 기자] 상명대학교 천안캠퍼스(부총장 김기봉)는 기말고사 기간 중 대면고사가 불가피한 교과목 증가로 「대면고사 방역지침」을 마련하고 학생의 안전한...
710,"느끼는 억울함만 커집니다. < A씨 / 대학교 2학년> ""온전히 학생들이 도덕적으로 참가...잇따르고 있습니다. 이르면 다음 주부터 기말고사 기간이 시작됩니다. 정당하게..."
711,29일 오후 서울 서대문구 이화여자대학교 정문에서 진행되고 있다. /임세준 기자 [더...진행되고 있다. 최근 각 대학이 1학기 기말고사를 진행하는 과정에서 온라인 시험...
712,대구=쿠키뉴스] 최태욱 기자 = 경북대학교는 신종 코로나바이러스 감염증(코로나19...원칙으로 하며 과제물 대체와 기말고사 통합 등은 담당 교원이 자율 결정할 수 있다...
713,"리포트] 유학생들이 자가격리하는 대학교 임시숙소입니다. 제주로 와 이곳에 머물던...온라인으로 진행하고 있는데, 다음 주는 기말고사로 사실상 학기가 끝나기 때문입니다..."
714,계속 확인 또는 의혹이 제기되면서 기말고사를 앞두고 대학가는 초비상이 걸렸다. 이에...감염 우려로 반대하고 있다. 서울대학교 총학생회 직무를 대행하는 '2020 단과...
715,국민대학교 제공 [파이낸셜뉴스] 국민대학교가 코로나19 여파로 인해 학기말고사를...6일 밝혔다. 나아가 이번 기말고사 기간을 기점으로 향후에도 온라인 교육을 이상...
716,연합뉴스) 조정호 기자 = 한국해양대학교는 코로나 상황에 선제적으로 대응하기 위해...제공이나 실시간 화상 수업 두 가지 방식으로 한다. 기말고사는 3주 동안 분산해서...
717,모습이 안타까웠다 며 작은 선물이지만 기말고사와 방학기간 동안 무더위와 코로나 19에...한다 고 소감을 밝혔다. 한편 순천제일대학교 총학생회는 매년 도사동 나눔쌀독...
718,"리포트] 유학생들이 자가격리하는 대학교 임시숙소입니다. 어제 제주로 와 이곳에...온라인으로 진행하고 있는데, 다음 주는 기말고사로 사실상 학기가 끝나기 때문입니다..."
719,안타까웠다”며“작은 선물이지만 기말고사와 방학기간 동안 무더위와 코로나 19에 힘껏...고 소감을 밝혔다. 한편 순천제일대학교 총학생회는 매년 도사동 나눔쌀독 후원...
720,서강대학교의 한 강의실이 텅 비어 있다. 2020.6.3/뉴스1 /사진=뉴스1화상 [파이낸셜...문제 탓에 대면으로 진행되는 기말 시험을 치르기 위해 한국에 들어와야 학생들의...
722,(사진=http://news.163.com) 중국 난징대학교 기말고사 기간에 세계 최대의 인구규모 국가다운 진풍경이 벌어졌다. 중국 넷이즈 산하 뉴스사이트 '163.com'는 중국 난징...
723,[충남일보 김지은 기자] 대전대학교가 29일 2학기 수업을 ‘제한적 대면수업‘ 방식으로...수업이 실시된다. 중간고사와 기말고사 이전 총 2회 이상의 대면수업을 실시...
725,서울 연세대학교 전경. 연합뉴스 연세대가 올해 2학기 수업을 대면과 비대면 수업을...방식’으로 진행하기로 결정했다. 중간·기말 고사는 대면시험을 원칙으로 삼는다...
726,대면수업을 실시하고 있는 광주여자대학교가 학생들을 격려하기 위해 간식나눔 행사를...고 하면서 학생들에게 떡볶이를 건넸다. 기말고사를 준비하던 학생들은 뜻밖의 행사...
727,더 즐겁습니다.” 경남 김해에 있는 가야대학교 사회복지재활학부 4학년에 재학중인...코로나19 여파로 대면시험으로 실시된 기말고사를 치르기 위해 이번 학기 처음으로...
728,"선린대학교는 최근 김영문 총장이 도서관에서 2학기 기말고사를 맞아 재학생에게 간식(햄버거, 콜라)을 나눠주는 행사를 가졌다고 18일 밝혔다. 선린대 총장실은 지난..."
729,"""간식 먹고 힘 내세요"" 유한대학교(총장 이권현)는 기말고사 기간을 맞아 학생식당에서 700인분의 간식꾸러미(한줌견과, 바나나, 푸딩, 음료수, 도너츠 등)를 재학생들에게..."
730,[대학저널 이승환 기자] 대전대학교(총장 이종서)가 2020학년도 2학기 수업을 ‘제한적...대면수업이 실시된다. 대전대는 중간고사와 기말고사 이전 총 2회 이상의 대면수업...
731,[MBS 대전 = 이준희 기자] 대전대학교(총장 이종서)가 2020학년도 2학기 수업을 ‘제한...수업이 실시된다. 대전대는 중간고사와기말고사이전 총 2회이상의 대면수업을 실시...
732,대전대학교(총장 이종서)가 2020학년도 2학기 수업을 ‘제한적 대면수업‘ 방식으로...수업이 실시된다. 대전대는 중간고사와 기말고사 이전 총 2회 이상의 대면수업을 실시...
733,대신 보고서·과제물 제출 권장도 서강대학교. 서울신문 DB 인하대 의대 학생 91명이...커닝 의혹이 터졌다. 이달 말 기말고사를 앞둔 대학들은 시험 방식을 놓고 고심하고...
734,"[천안=뉴스충청인] 한국기술교육대학교(총장 이성기)는 1학기 기말고사를 전면 비대면 으로 실시하기로 결정하고, 6월 11일(목) 교내 총장실에서 교직원, 학생대표 등이..."
735,일파만파 확산되고 있다. 전국 대학 기말고사 기간이 이르면 다음주부터 시작되는 만큼...할 수 없기 때문이다. 가천대학교 학생 2명이 확진 판정을 받은 가운데 31일 경기...
736,"리포트] 유학생들이 자가격리하는 대학교 임시숙소입니다. 어제 제주로 와 이곳에...온라인으로 진행하고 있는데, 다음 주는 기말고사로 사실상 학기가 끝나기 때문입니다..."
737,인천대학교 공과대학 학생들이 온라인으로 치른 기말고사에서 집단 부정행위를 저지른 사건이 발생했다. 23일 인천대에 따르면 신종 코로나 바이러스 감염증(코로나19) 여파...
739,"보인다. 코로나19 때문에 위험하니까 기말고사는 비대면으로 하자면서 왜 종강 파티랑...담은 댓글들이 이어졌습니다. 서울의 한 대학교 재학생 A 씨는 ""과에서 종강 파티를..."
740,29일 오후 서울 서대문구 이화여자대학교 정문에서 진행되고 있는 가운데 한 참석자 앞...놓여져 있다. 최근 각 대학이 1학기 기말고사를 진행하는 과정에서 온라인 시험...
741,(청주=국제뉴스) 이재기 기자 = 충북대학교는 2학기 기말고사 기간을 맞아 김수갑 총장을 비롯한 간부진 및 총학생회 임원 등이 개신문과광장에서 `열공야식`을 제공했다고...
742,29일 오후 서울 서대문구 이화여자대학교 정문에서 진행되고 있는 가운데 한 참석자가...있다. 최근 각 대학이 1학기 기말고사를 진행하는 과정에서 온라인 시험 도중 부정...
743,하경민 기자 = 한국해양대학교는 올 2학기 학사운영을 대면수업과 비대면수업을 융합한...실시간 화상 수업의 두 가지 방식으로 진행한다. 기말고사는 3주 동안 분산해...
744,아니다. 대학교들은 대부분 학생들의 성적 평가 방법을 교수진 재량에 맡긴다. 이에 교수진들은 중간고사를 온·오프라인 시험 외 과제물로 대체하거나 치지 않을 수 있다...
745,"배반적이라는 지적이 나온다. 최근 인하대학교와 서울대, 서강대, 연세대 등에서 줄줄이...시험 부정행위 정황이 포착되면서 기말고사를 앞둔 대학가에 비상이 걸렸다..."
746,"연암대학교(총장 육근열)는 하계방학 기간을 활용하여 지난 7월 6일(월)부터 18일(토...실습을 시행하고 있으며, 온라인 기말고사가 종료되는 시점부터 시행되는 만큼 학점..."
747,"대학은 방침을 바꿔 일부 경우를 제외하곤 기말고사를 대면 시험으로 치르기로 했습니다...있다며 반발하고 있습니다. [김석찬/한양대학교 총학생회장] ""학생들은 아직..."
748,18일 오후 서울 서대문구 연세대학교 학생회관 앞에서 열린 연세인 총궐기 집회에서...3개월이 지났다. 학생들은 중간고사와 기말고사를 지나 종강을 맞이하고 있다. 하지만...
749,ⓒ서울대학교 총학생회 페이스북 서울대 총학생회 대행 기구인 단과대 학생회장 연석...학교를 원한다며 비대면 기말고사를 요구했다. 이날 연석회의는 교내 기자회견을...
751,"요구하고 있다. ⓒ 유성호 ▲ 연세대학교 총학생회와 학생들이 18일 오후 서울 서대문구...사태가 종결되지 않은 상황에서 기말고사 기간이 다가오자, 대학가가 술렁이고..."
752,"[천안=뉴스충청인] 연암대학교(총장 육근열)는 하계방학 기간을 활용하여 지난 7월 6일...실습을 시행하고 있으며, 온라인 기말고사가 종료되는 시점부터 시행되는 만큼..."
753,울산대학교 공과대학학생회가 대면 기말고사를 치르는 학우들의 신종 코로나바이러스 감염증(코로나19) 확산 방지를 위해 발열체크 봉사에 나섰다.울산대에 따르면 공과대학...
754,"[머니투데이 대학경제 권현수 기자] 나사렛대학교는 기말고사 기간을 맞아 지난 14, 15일 이틀간 나사렛관 1층 로비에서 학생 1,500여 명에게 간식을 나눠주는 행사를 진행..."
755,"대학은 방침을 바꿔 일부 경우를 제외하곤 기말고사를 대면 시험으로 치르기로 했습니다...반발하고 있습니다. [김석찬/한양대학교 총학생회 비대위원장] ""학생들은 아직..."
756,경제 영남취재본부 강우권 기자] 한국해양대학교는 신종 코로나바이러스감염증(코로나19...제공·실시간 화상 수업으로 진행하며 기말고사는 3주 동안 분산진행하고 대면...
757,"구혜선은 14일 자신의 인스타그램에 ""기말고사 힘내세요""라는 짧은 글과 함께 사진을...실제로 그는 2011학년도 성균관대학교 수시 1차 입학사정관전형 및 특기자전형에..."
758,연세대학교 학생회관 앞에서 총학생회 학생들이 손팻말을 들고 등록금 반환과 학기말고사 성적부여 완화를 요구하고 있다. 2020.6.18 뉴스1 코로나19로 올해 1학기 강의...
759,"온라인 수업을 결정했으며, 중간고사 및 기말고사의 온라인 시험, 1학기 성적의 절대...수립, 건국대학교 자체의 온라인 교육시스템인 ‘건국대학교 e-캠퍼스’의 안정화에..."
760,간식’ 이벤트를 진행한다고 밝혔다. ‘천국의 간식’ 이벤트는 알바천국이 대학교 기말고사 기간 중 캠퍼스에 직접 찾아가 맥도날드 불고기 버거와 델몬트 주스 등 든든한...
761,"상반기 청운대는 어땠는가. ""다른 대학교들과 마찬가지로 청운대도 역시 온라인을 통한...19 감염 예방에 최선을 다했다. 특히 기말고사는 최근 부정행위 이슈가 붉어짐에..."
762,"[대학저널 이승환 기자] 한국기술교육대학교(총장 이성기)는 1학기 기말고사를 전면 비대면으로 실시하기로 결정하고, 11일 교내 총장실에서 교직원, 학생대표 등이 참석한..."
763,"한국기술교육대학교(총장 이성기)가 1학기 기말고사를 전면 비대면 으로 실시하기로 결정하고 지난 11일 총장실에서 교직원, 학생대표 등이 참석한 가운데 ‘공정시험..."
764,행사를 실시했다. (사진=대구대학교 제공) 대구대학교는 코로나19로 청년들이 취업난이...진로취업처 대학일자리센터는 기말고사 기간인 24일 경산캠퍼스 진로취업관 앞 빛...
765,"연암대학교(총장 육근열)가 하계방학 기간을 활용해 지난 6일부터 오는 18일까지 2주간...연암대 관계자는 ""온라인 기말고사가 종료되는 시점부터 시행되는 만큼 학점..."
766,인적자원관리' 과목의 온라인 기말고사가 논란이 됐습니다. '영양사'와 '괴롭힘'이라는...생뚱맞은 내용이었던 겁니다. [부경대학교 경영학과 학생 : 정말 그렇게 무식하게...
767,"비대면 수업이 지속되는 가운데 경동대학교(총장 전성용)는 지난 15~23일까지 ‘코로나...한결 가벼워졌다‘”면서, “기말고사 준비에도 많은 도움이 되겠다”고 말했다..."
768,"정지형 기자 = 동국대학교(총장 윤성이)는 26일 2020학년도 1학기 성적평가에 '선택적...경우에만 해당한다. 김용현 동국대 교무학생처장은 ""우리 대학은 기말고사 비대면..."
769,한밭대학교 총학생회 대자보(사진=한밭대 총학 페이스북 페이지 캡처) 대전에서 코로나...커지고 있는 가운데 대면 기말고사를 치르는 대학의 학생들이 불만의 목소리를...
770,대로 부정행위가 있었습니다. 인하대학교 의대생 91명이 모여서 문제를 풀거나 SNS 등...드러나서 모두 0점 처리가 됐습니다. 기말고사는 온라인으로 치르지 않기로...
771,충북대학교가 코로나19 장기화에 따라 올해 1학기 전체를 비대면 재택수업으로 진행하기...따라 시행할 수 있도록 했다. 기말고사 시행 여부는 추가 논의할 방침이다. 또...
772,"연세대학교 학생들이 18일 오후 서울 서대문구 연세대 학생회관 앞에서 1학기 성적 평가에 A~D 학점 등급으로 표기된 성적을 수용할지, 혹은 이수 여부만 기입할지를 학생들..."
773,[유정 기자] 본격적으로 대학교 기말고사 시즌이 돌아왔다. 대학생에게 있어 기말고사는 1학기를 마치는 마지막 관문이면서 방학을 맞이하는 문턱과도 같은 존재다. 설렘과...
774,경희대학교 학생의 권리를 되찾기 위한 경희인 집중공동행동'에 참가한 학생들이 신종 코로나바이러스 감염증(코로나19) 사태로 변화된 수업환경과 관련해 등록금 반환...
775,"세계적인 명성을 다시 한 번 입증했다. 대학교 측은 ""학생들이 패널과 사진을 찍고 SNS...해 말레이시아 모 대학 미생물학과 기말고사 시험 문제에도 한 차례 등장한 바..."
776,"파이낸셜뉴스] 동국대학교가 26일 2020학년도 1학기 성적평가에 '선택적 패스제'를 도입...경우로 제한한다. 김용현 동국대 교무학생처장은 ""우리대학은 기말고사 비대면..."
777,사진제공=계명문화대) [아시아뉴스통신=박종률 기자] 계명문화대학교(총장 박승호) 도서관은 기말고사 기간을 맞아 학생들의 학업성적 향상과 면학분위기 조성을 위해 1...
778,인적자원관리' 과목의 온라인 기말고사가 논란이 됐습니다. '영양사'와 '괴롭힘'이라는...생뚱맞은 내용이었던 겁니다. [부경대학교 경영학과 학생 : 정말 그렇게 무식하게...
779,혼란스러웠던 1학기 수업도 이젠 기말고사를 끝으로 유야무야 종강에 이르렀다. 하지만...외면받고 도태될 수 있다. 한성대학교 한디원 관계자는 “다윈의 진화론에서 볼 수...
780,행사 [경산=뉴시스] 박준 기자 = 대구대학교가 코로나19로 청년들이 취업에 어려움을...진로취업처 대학일자리센터는 기말고사 기간 동안 경산캠퍼스 진로취업관 앞 빛광장...
781,"선린대학교는 지난 18일 기말고사를 맞아 김영문 총장이 도서관을 찾아 공부로 지친 학생들에게 간식(햄버거, 콜라)을 나눠주는 행사를 실시했다고 밝혔다.선린대는 2005년..."
782,인적자원관리' 과목의 온라인 기말고사가 논란이 됐습니다. '영양사'와 '괴롭힘'이라는...생뚱맞은 내용이었던 겁니다. [부경대학교 경영학과 학생 : 정말 그렇게 무식하게...
784,"밤 12시 이후 공부는 피할 것수능, 중간고사, 기말고사 등 시험 대부분이 아침부터 시작...되었는지 비교하는 게 중요하다. 대학교에서 공개하는 전년도 입학 결과 데이터..."
785,"[천지일보 천안=박주환 기자] 한국기술교육대학교(총장 이성기)는 1학기 기말고사를 전면 비대면으로 실시하기로 결정하고 11일 교내 총장실에서 교직원, 학생대표 등이..."
786,"일고 있다. 9일 뉴시스 취재 결과, 한양대학교 보직교수 A씨가 지난 5일 비대면 기말고사를 요구하며 농성을 벌이는 학생들에게 ""다음 단계는 혈서인가. 그러면 비대면으로..."
787,"연세대학교 학생회관 앞에서 학교에 신종 코로나바이러스 감염증(코로나19) 사태에 따른 성적평가제도 개선, 등록금 반환 등을 요구하기 위해 연세인 총궐기 집회를 열고..."
788,23일 오전 부산 남구 경성대학교 한 건물 입구에서 기말고사에 응시하려는 학생들이 발열체크를 하고 있다. 1학기 비대면 수업이 진행되고 있는 경성대는 이번 주까지 기말...
789,"지난달 7일 경북 경산시 영남대학교 인근 카페에서 영남대 재학생이 1학기 중간고사...교수 재량에 따라 1학기 중간고사를 과제 대체, 기말고사 합산(단일화), 온라인 시험..."
790,"충북대학교 생활관 양성재 전경.© 뉴스1 (청주=뉴스1) 이성기 기자 = 충북대학교(총장...2020학년도 1학기 일부 대면 강의, 기말고사 등 학사일정으로 원거리 통학생 등..."
791,[대구=일요신문] 대구보건대학교는 제한적 대면수업과 기말고사 시험기간이었던 지난달 29일부터 이달 8일 교내 방역활동을 강화했다고 10일 밝혔다. 대구보건대에 따르면...
792,비대면 수업이 이루어지고 있는 22일 전북 전주시 전북대학교에서 무용학과 학생들을 대상으로 한 기말고사의 첫 대면 실기시험을 실시한 가운데 마스크를 착용한 학생들이...
793,비대면 수업이 이루어지고 있는 22일 전북 전주시 전북대학교에서 무용학과 학생들을 대상으로 한 기말고사의 첫 대면 실기시험을 실시한 가운데 마스크를 착용한 학생들이...
794,비대면 수업이 이루어지고 있는 22일 전북 전주시 전북대학교에서 무용학과 학생들을 대상으로 한 기말고사의 첫 대면 실기시험을 실시한 가운데 마스크를 착용한 학생들이...
795,비대면 수업이 이루어지고 있는 22일 전북 전주시 전북대학교에서 무용학과 학생들을 대상으로 한 기말고사의 첫 대면 실기시험을 실시한 가운데 마스크를 착용한 학생들이...
796,[대학저널 임지연 기자] 경일대학교(총장 정현태)는 2020학년도 2학기 수업에 대해 대면...기숙사비는 무료다. 중간고사와 기말고사는 대면시험을 치른다. 한편 경일대는...
797,"담았다. 또한, 곧 다가올 비대면식 기말고사 진행 시 어떤 방식으로 문제 출제를 해야...장관상을 수상한 바 있으며, 경희사이버대학교에서 13년간 근무하며 얻게 된 노하우..."
798,"온라인 수업을 결정했으며, 중간고사 및 기말고사의 온라인 시험, 1학기 성적의 절대...수립, 건국대학교 자체의 온라인 교육시스템인 ‘건국대학교 e-캠퍼스’의 안정화에..."
800,[한국대학신문 조영은 기자] 경일대학교(총장 정현태)는 2020학년도 2학기 수업에 대해...기숙사비는 무료다. 중간고사와 기말고사는 대면시험을 치른다. 한편 경일대는...
801,한국외국어대학교는 재학생 1천 명이 수강하는 온라인 강의 시험에서 집단 부정행위가...진 한국외대의 한 교양과목 기말고사에서는 수강생 수백 명이 카카오톡 익명 대화방...
802,경산=쿠키뉴스] 최태욱 기자 = 대구대학교가 코로나19로 청년들이 취업에 어려움을 겪고...진로취업처 대학일자리센터는 기말고사 기간인 지난 24일 경산캠퍼스 진로취업관...
803,"보인다. 코로나19 때문에 위험하니까 기말고사는 비대면으로 하자면서 왜 종강파티랑 MT...찬반 논란이 거세다. 서울의 한 대학교 재학생 A씨는 ""과에서 종강파티를 한다며..."
806,"[천지일보=김빛이나 기자] 서강대학교 일부 학생이 신종 코로나바이러스 감염증(코로나...관계 확인 후 시험을 무효 처리하고, 기말고사만으로 평가하기로 결정했다. 이..."
807,개강한 16일 서울 서대문구 연세대학교 백양로가 한산한 모습을 보이고 있다. 연합뉴스...온ㆍ오프라인 시험은 불허하고 대신 기말시험은 필수로 실시한다”는 내용이...
808,대구=쿠키뉴스] 최태욱 기자 = 경북대학교는 대학 구성원의 연구와 학습 지원을 위해...관련 대응 상황이 완화되고 1학기 기말고사가 시작되면서 22일부터 도서관 전체를...
809,ⓒ GBN 경북방송 동국대학교 경주캠퍼스 도서관(관장 이영경)이 지난 19일 오후 5시부터...경주캠퍼스 도서관 1층 로비에서 기말고사 기간을 맞아 학생들을 위한 무료간식...
